ReviewID,CustomerID,ProductID,ReviewDate,Rating,ReviewText,SentimentCategory
1,77,18,23-12-2023,3,"Average experience, nothing special.",Neutral
2,80,19,25-12-2024,5,The quality is  top-notch.,Positive
3,50,13,26-01-2025,4,Five stars for the quick delivery.,Positive
4,78,15,21-04-2025,3,"Good quality, but could be cheaper.",Neutral
5,64,2,16-07-2023,3,"Average experience, nothing special.",Neutral
6,81,1,21-12-2025,4,Customer support was very helpful.,Positive
7,16,1,29-01-2024,3,"Average experience, nothing special.",Neutral
8,55,8,15-08-2024,5,The quality  is top-notch.,Positive
9,3,13,01-09-2023,4,"I love this product, will buy again!",Positive
10,78,6,17-06-2024,5,"Excellent product, highly recommend!",Positive
11,54,9,17-07-2023,4,"Great purchase, very satisfied.",Positive
12,77,2,13-01-2025,2,Product did  not meet my expectations.,Negative
13,93,6,20-08-2024,5,"Great purchase, very satisfied.",Positive
14,23,2,16-06-2025,4,"Good quality, but could be cheaper.",Positive
15,29,11,27-01-2023,5,"Great purchase, very satisfied.",Positive
16,95,17,06-01-2023,5,"Excellent product, highly recommend!",Positive
17,88,4,29-10-2025,3,Not worth the money.,Neutral
18,17,16,23-11-2024,4,Shipping was fast and the item was well-packaged.,Positive
19,34,13,04-01-2024,4,The quality is top-notch.,Positive
20,34,6,29-04-2023,1,I had a bad experience with this product.,Negative
21,22,15,08-04-2023,5,Amazing value for the price.,Positive
22,52,3,30-10-2025,4,The quality is top-notch.,Positive
23,69,18,02-07-2023,5,Five stars for the quick delivery.,Positive
24,100,4,18-07-2025,3,"I love this  product, will buy again!",Neutral
25,55,20,19-12-2024,4,Shipping was fast and the item was well-packaged.,Positive
26,76,11,21-08-2024,4,Five stars for the quick delivery.,Positive
27,56,6,24-11-2025,4,The quality is top-notch.,Positive
28,76,8,27-05-2025,5,Five stars for the quick delivery.,Positive
29,38,13,31-05-2023,4,"I love this product, will buy again!",Positive
30,84,6,18-03-2024,4,Five stars for the quick delivery.,Positive
31,93,4,25-08-2025,3,"Good quality, but could be  cheaper.",Neutral
32,91,1,15-07-2023,4,The quality is top-notch.,Positive
33,30,2,21-02-2023,4,Shipping was fast and the item was well-packaged.,Positive
34,81,15,30-03-2024,5,"Excellent product, highly recommend!",Positive
35,27,12,13-03-2024,3,"Average experience, nothing special.",Neutral
36,96,9,05-12-2025,3,"Good quality, but could be cheaper.",Neutral
37,38,3,11-09-2023,3,"Average experience, nothing  special.",Neutral
38,45,17,07-05-2024,5,"Great purchase, very satisfied.",Positive
39,54,1,02-10-2023,5,Customer support was very helpful.,Positive
40,33,2,03-01-2025,5,Five stars  for the quick delivery.,Positive
41,93,17,15-05-2025,3,"Average experience, nothing special.",Neutral
42,72,15,21-03-2023,5,Five stars for the quick delivery.,Positive
43,84,15,02-02-2025,4,Exceeded my  expectations!,Positive
44,44,17,20-04-2023,5,"Excellent product,  highly recommend!",Positive
45,11,16,23-03-2023,3,Not worth the money.,Neutral
46,27,5,07-05-2025,4,Five stars for the quick delivery.,Positive
47,19,13,01-06-2024,4,Five stars for the quick delivery.,Positive
48,70,17,08-10-2023,4,Shipping was fast and the item  was well-packaged.,Positive
49,3,7,09-06-2025,3,"Good quality, but could  be cheaper.",Neutral
50,62,4,07-01-2023,1,The product stopped working after a month.,Negative
51,49,17,14-04-2023,4,Five stars for the quick delivery.,Positive
52,75,11,07-04-2024,4,"I love this product, will buy again!",Positive
53,73,18,28-12-2025,4,Five stars for  the quick delivery.,Positive
54,33,8,03-05-2023,5,"Excellent product, highly recommend!",Positive
55,57,9,03-11-2025,3,Customer support was  very helpful.,Neutral
56,15,10,11-12-2025,3,Shipping was fast and the item was well-packaged.,Neutral
57,41,10,06-04-2024,2,Disappointed with the performance.,Negative
58,78,7,16-07-2024,2,"The product  is okay, but the instructions were unclear.",Negative
59,98,9,01-09-2024,4,The build quality is impressive.,Positive
60,11,16,27-12-2023,4,"Great purchase, very satisfied.",Positive
61,50,19,24-02-2023,4,"Great purchase,  very satisfied.",Positive
62,35,17,18-03-2023,2,"Average experience, nothing special.",Negative
63,93,2,05-01-2025,4,Five stars for the quick delivery.,Positive
64,86,11,30-10-2025,4,Customer support was very helpful.,Positive
65,34,3,15-06-2024,1,Not worth the money.,Negative
66,94,16,17-06-2023,4,"I love this product, will buy  again!",Positive
67,67,13,12-04-2025,3,"Average experience, nothing special.",Neutral
68,38,7,23-03-2023,3,"The product is okay, but the instructions were unclear.",Neutral
69,77,12,03-08-2025,3,Five stars for the quick delivery.,Neutral
70,93,5,30-01-2024,4,Shipping was fast  and the item was well-packaged.,Positive
71,24,11,28-07-2025,3,"Good quality, but could be cheaper.",Neutral
72,29,4,29-05-2023,5,The  build quality is impressive.,Positive
73,68,19,05-05-2025,5,"I love this product, will buy again!",Positive
74,59,9,16-05-2023,3,"The product is okay, but the instructions were unclear.",Neutral
75,22,3,13-01-2024,5,Shipping was fast and the item was well-packaged.,Positive
76,9,10,31-08-2025,4,"Great purchase, very satisfied.",Positive
77,74,5,15-03-2023,4,"Great purchase,  very satisfied.",Positive
78,6,10,09-12-2024,5,Five stars for the quick delivery.,Positive
79,84,15,28-05-2024,2,The product arrived  late.,Negative
80,98,16,24-05-2025,3,Not worth the money.,Neutral
81,3,19,04-09-2024,4,Five stars for the quick delivery.,Positive
82,78,13,02-05-2023,4,Shipping  was fast and the item was well-packaged.,Positive
83,32,11,26-05-2025,4,The quality is  top-notch.,Positive
84,40,20,17-07-2023,4,"Good quality, but could be cheaper.",Positive
85,17,6,25-10-2025,5,Five stars for the quick delivery.,Positive
86,78,3,06-10-2025,5,"Excellent product, highly recommend!",Positive
87,89,17,26-05-2023,3,Not  worth the money.,Neutral
88,93,19,26-08-2025,4,Exceeded my expectations!,Positive
89,60,3,08-07-2024,3,The quality is top-notch.,Neutral
90,47,17,12-11-2025,4,Five stars for the quick delivery.,Positive
91,4,16,27-09-2025,3,"Great purchase, very satisfied.",Neutral
92,2,16,21-11-2023,3,Not worth the money.,Neutral
93,60,13,05-09-2024,3,Not worth the money.,Neutral
94,2,16,14-03-2025,4,The quality is top-notch.,Positive
95,16,16,07-04-2024,4,Shipping was fast and the item was well-packaged.,Positive
96,19,13,02-09-2023,3,"Good quality, but could be cheaper.",Neutral
97,64,6,19-01-2024,3,"The product is okay, but the instructions were unclear.",Neutral
98,96,3,20-11-2025,5,Exceeded my expectations!,Positive
99,79,16,29-01-2025,2,"Average experience, nothing special.",Negative
100,9,2,20-06-2025,3,Not worth the money.,Neutral
101,61,18,11-09-2024,5,The build quality is impressive.,Positive
102,4,2,22-08-2025,5,"Excellent product, highly recommend!",Positive
103,82,14,17-11-2024,5,The quality is top-notch.,Positive
104,96,5,06-01-2023,4,"I love  this product, will buy again!",Positive
105,32,12,27-08-2024,2,The product  arrived late.,Negative
106,94,17,25-02-2024,2,"Average experience, nothing special.",Negative
107,26,10,17-02-2025,5,Five stars for  the quick delivery.,Positive
108,80,17,22-12-2023,5,Five stars for the  quick delivery.,Positive
109,38,10,25-07-2023,4,Customer support was very helpful.,Positive
110,54,12,02-08-2024,4,Customer  support was very helpful.,Positive
111,43,7,05-11-2023,4,Five stars for the quick delivery.,Positive
112,87,3,26-05-2023,5,"Excellent product, highly recommend!",Positive
113,27,9,31-03-2024,2,Disappointed with the performance.,Negative
114,52,19,04-05-2025,2,"Average experience, nothing special.",Negative
115,82,9,28-09-2023,4,Five stars for the quick delivery.,Positive
116,70,18,23-07-2023,4,The quality is top-notch.,Positive
117,20,14,19-04-2025,4,Customer support was very helpful.,Positive
118,59,6,01-05-2024,1,The product arrived late.,Negative
119,34,5,06-09-2025,4,"Great purchase, very  satisfied.",Positive
120,3,20,18-08-2024,4,The quality is top-notch.,Positive
121,91,1,02-11-2025,2,"Good quality, but could be cheaper.",Negative
122,83,14,27-09-2024,2,Not worth the money.,Negative
123,93,1,22-09-2025,4,"Good quality, but could be cheaper.",Positive
124,36,16,17-07-2023,5,Customer support was very helpful.,Positive
125,55,11,20-12-2025,5,"I love this product, will buy again!",Positive
126,32,10,12-08-2024,5,Exceeded my expectations!,Positive
127,47,8,25-03-2025,4,"Great purchase, very satisfied.",Positive
128,71,20,13-12-2023,2,"Average experience, nothing special.",Negative
129,46,13,14-02-2025,4,"Good quality, but could be cheaper.",Positive
130,88,3,22-09-2025,5,"Great  purchase, very satisfied.",Positive
131,42,5,16-06-2023,5,Amazing value for the price.,Positive
132,21,7,13-11-2025,2,Product did not meet my expectations.,Negative
133,40,4,24-05-2025,4,The quality is top-notch.,Positive
134,74,4,27-03-2024,3,"Good quality, but could  be cheaper.",Neutral
135,48,14,08-06-2023,4,"I love this product, will buy again!",Positive
136,17,3,27-03-2025,5,Amazing value for  the price.,Positive
137,88,6,02-03-2023,4,"Good quality, but could  be cheaper.",Positive
138,28,15,18-01-2023,5,Five stars for the quick delivery.,Positive
139,36,16,20-04-2023,4,Customer support was very helpful.,Positive
140,53,18,03-12-2023,3,"Good quality, but could be cheaper.",Neutral
141,98,9,15-10-2024,5,Amazing value for the  price.,Positive
142,15,7,04-08-2023,5,"Excellent product, highly recommend!",Positive
143,3,12,12-04-2023,3,"Average experience, nothing special.",Neutral
144,27,15,16-08-2025,4,The build quality is impressive.,Positive
145,27,10,05-03-2024,3,"The  product is okay, but the instructions were unclear.",Neutral
146,5,13,09-01-2025,4,"I love this product, will buy again!",Positive
147,100,20,25-01-2025,2,"Average experience, nothing special.",Negative
148,17,18,05-11-2024,1,"Average experience, nothing special.",Negative
149,50,3,20-12-2023,4,The quality is top-notch.,Positive
150,4,15,18-06-2024,5,"I love this product, will buy  again!",Positive
151,21,19,30-10-2023,3,"Good quality, but could be cheaper.",Neutral
152,32,16,15-12-2025,3,"Good quality, but  could be cheaper.",Neutral
153,95,11,06-11-2023,5,Amazing value for the price.,Positive
154,3,12,19-12-2023,4,The quality is top-notch.,Positive
155,89,3,10-12-2025,4,Customer support was very helpful.,Positive
156,5,7,26-01-2025,5,The build quality is impressive.,Positive
157,10,17,14-10-2025,2,The product arrived late.,Negative
158,37,2,16-04-2024,5,"Great purchase, very satisfied.",Positive
159,23,12,01-09-2023,5,"I love this product,  will buy again!",Positive
160,71,9,02-01-2024,2,Not worth the money.,Negative
161,9,18,05-08-2025,2,The product arrived  late.,Negative
162,64,20,25-07-2023,3,"Average experience, nothing special.",Neutral
163,89,7,27-05-2023,5,The quality is top-notch.,Positive
164,25,19,16-03-2024,2,Product did not  meet my expectations.,Negative
165,97,3,03-06-2025,4,The quality is top-notch.,Positive
166,87,3,01-11-2023,3,"Good  quality, but could be cheaper.",Neutral
167,28,16,02-08-2023,2,Product did not meet  my expectations.,Negative
168,72,2,13-12-2025,3,Customer support was very helpful.,Neutral
169,26,8,28-09-2025,5,Five stars for the quick  delivery.,Positive
170,53,13,23-06-2024,5,The build quality is impressive.,Positive
171,2,16,16-02-2024,3,Not worth the money.,Neutral
172,79,2,23-11-2024,3,Not worth the money.,Neutral
173,15,16,30-05-2025,5,Customer support was very helpful.,Positive
174,91,8,23-06-2024,4,"I love this product, will buy again!",Positive
175,3,6,02-11-2024,3,"Good quality, but could be cheaper.",Neutral
176,21,11,23-11-2023,3,"The product is okay, but the instructions were unclear.",Neutral
177,93,19,03-07-2025,4,"I love this product, will buy again!",Positive
178,17,20,25-05-2025,4,The quality is  top-notch.,Positive
179,46,20,26-11-2025,4,"Great purchase, very satisfied.",Positive
180,77,5,08-03-2023,4,"Great purchase,  very satisfied.",Positive
181,4,3,09-08-2024,4,The build quality is impressive.,Positive
182,21,11,08-03-2024,5,"Excellent product, highly recommend!",Positive
183,13,5,08-06-2025,4,"Great purchase, very satisfied.",Positive
184,59,5,29-12-2024,4,Shipping was fast and the item was well-packaged.,Positive
185,8,6,13-11-2023,2,Product did not meet my expectations.,Negative
186,22,13,17-02-2023,4,The quality is top-notch.,Positive
187,58,18,01-05-2025,4,The quality is top-notch.,Positive
188,70,5,19-09-2025,5,Exceeded my expectations!,Positive
189,83,7,13-03-2025,2,The product  arrived late.,Negative
190,83,3,10-08-2023,3,"Good quality, but could be cheaper.",Neutral
191,68,3,05-09-2024,4,"Great purchase,  very satisfied.",Positive
192,42,17,04-08-2023,5,"Excellent product, highly recommend!",Positive
193,84,20,21-06-2024,3,"The product is okay, but the instructions were  unclear.",Neutral
194,7,7,19-05-2025,1,The product arrived late.,Negative
195,75,5,25-10-2023,5,Amazing value for the price.,Positive
196,91,2,29-10-2023,3,"Average experience, nothing special.",Neutral
197,51,15,27-11-2024,4,"I love this product,  will buy again!",Positive
198,57,8,27-08-2023,5,Five stars for the quick delivery.,Positive
199,6,13,20-08-2024,5,The  quality is top-notch.,Positive
200,30,17,09-01-2025,3,"Good quality, but could be cheaper.",Neutral
201,59,6,23-05-2023,2,Not worth the money.,Negative
202,33,9,06-09-2023,5,Amazing value for the price.,Positive
203,66,18,22-11-2023,3,"Average experience, nothing special.",Neutral
204,95,14,29-11-2024,4,"Great purchase, very  satisfied.",Positive
205,88,12,06-04-2023,5,Amazing value for the price.,Positive
206,72,14,22-08-2023,4,Shipping was fast and the item was well-packaged.,Positive
207,95,18,07-06-2025,4,"I love this product, will buy again!",Positive
208,94,8,25-03-2023,4,"Great purchase, very satisfied.",Positive
209,70,8,05-11-2025,3,"Average experience, nothing special.",Neutral
210,28,1,10-12-2023,2,The product arrived late.,Negative
211,84,12,07-03-2025,4,Five stars for the quick delivery.,Positive
212,87,10,03-01-2023,1,"Terrible customer service, would not buy again.",Negative
213,7,13,09-04-2024,5,Shipping was fast and  the item was well-packaged.,Positive
214,53,18,13-04-2025,3,Five stars for the quick delivery.,Neutral
215,55,10,07-01-2024,2,Product did not meet my expectations.,Negative
216,49,7,14-11-2023,3,"The product is okay, but the instructions were unclear.",Neutral
217,62,11,19-08-2023,5,Amazing value  for the price.,Positive
218,35,8,14-09-2024,4,The quality is top-notch.,Positive
219,90,9,18-02-2023,4,Five stars for the quick delivery.,Positive
220,78,9,12-08-2025,2,Disappointed with the performance.,Negative
221,26,2,21-10-2024,4,The build quality is impressive.,Positive
222,54,14,28-02-2024,5,Customer support was very helpful.,Positive
223,37,16,31-07-2023,5,Exceeded my expectations!,Positive
224,68,15,27-03-2023,4,"Great purchase,  very satisfied.",Positive
225,80,1,08-09-2025,3,"The product is okay, but the instructions were unclear.",Neutral
226,60,9,23-08-2023,2,The product arrived late.,Negative
227,74,11,10-08-2024,4,"Good  quality, but could be cheaper.",Positive
228,20,19,23-10-2025,2,"The product is okay, but the instructions were unclear.",Negative
229,69,12,07-02-2023,4,The  quality is top-notch.,Positive
230,54,11,19-10-2023,2,The product arrived late.,Negative
231,15,16,15-04-2025,5,Five stars for the quick delivery.,Positive
232,17,3,11-10-2025,5,Five stars for the quick delivery.,Positive
233,81,4,14-11-2024,2,The product arrived late.,Negative
234,80,9,06-03-2023,5,The build quality is impressive.,Positive
235,54,3,18-03-2024,4,Customer support was very helpful.,Positive
236,55,16,03-03-2025,5,"Great purchase, very satisfied.",Positive
237,44,2,29-09-2025,4,The quality is top-notch.,Positive
238,47,9,18-04-2023,4,"Great purchase, very satisfied.",Positive
239,45,9,28-01-2024,5,Exceeded my expectations!,Positive
240,20,16,09-11-2024,5,Five stars for the quick delivery.,Positive
241,61,15,22-04-2024,4,Five stars for the quick delivery.,Positive
242,20,20,07-06-2025,4,The quality is top-notch.,Positive
243,24,11,17-02-2023,1,I had a bad experience with this product.,Negative
244,36,4,25-08-2023,4,"Great purchase, very satisfied.",Positive
245,50,3,23-03-2023,3,"Good quality, but could be cheaper.",Neutral
246,71,12,23-07-2023,4,The  quality is top-notch.,Positive
247,28,6,24-11-2025,5,"Excellent product, highly  recommend!",Positive
248,81,6,15-07-2023,3,"Good quality, but could be cheaper.",Neutral
249,75,2,04-01-2023,1,"Not  satisfied, the product broke after a week.",Negative
250,22,11,21-09-2023,1,The product stopped working after a month.,Negative
251,16,2,01-02-2024,4,"Good quality, but could be cheaper.",Positive
252,6,6,18-03-2025,5,The build quality is  impressive.,Positive
253,75,15,03-08-2024,3,"Great purchase, very satisfied.",Neutral
254,30,19,31-12-2025,3,"Average experience, nothing special.",Neutral
255,13,16,23-01-2024,5,"I love this product, will buy again!",Positive
256,91,3,11-02-2024,4,"Good quality, but could be cheaper.",Positive
257,84,13,03-10-2023,3,"Average experience, nothing  special.",Neutral
258,34,7,13-05-2025,4,"Great  purchase, very satisfied.",Positive
259,75,2,24-08-2023,3,"The product is okay, but the instructions were unclear.",Neutral
260,44,18,07-03-2024,3,"Average experience, nothing special.",Neutral
261,29,12,15-10-2024,4,Customer support was very helpful.,Positive
262,45,7,07-07-2024,5,Five stars for  the quick delivery.,Positive
263,47,8,21-10-2024,4,Customer support was very helpful.,Positive
264,96,18,19-08-2025,4,Shipping was fast and the  item was well-packaged.,Positive
265,22,19,14-05-2024,4,"I love this product, will buy again!",Positive
266,62,5,22-02-2025,5,"Excellent product,  highly recommend!",Positive
267,55,19,01-12-2023,3,"The product is  okay, but the instructions were unclear.",Neutral
268,98,17,28-10-2023,5,The build quality  is impressive.,Positive
269,75,4,18-11-2023,4,The quality is top-notch.,Positive
270,46,6,25-09-2023,1,The color was different from what was shown.,Negative
271,21,17,08-08-2025,5,The  build quality is impressive.,Positive
272,39,17,26-03-2023,5,Shipping was fast and the item was well-packaged.,Positive
273,10,2,09-10-2024,5,Shipping was fast and the item was well-packaged.,Positive
274,93,11,07-04-2023,5,"I love this product, will buy again!",Positive
275,45,12,03-04-2023,4,Five stars for the quick delivery.,Positive
276,86,1,29-01-2025,5,The quality is top-notch.,Positive
277,22,6,21-03-2025,4,The quality is top-notch.,Positive
278,80,20,01-03-2023,5,Amazing value for the price.,Positive
279,86,5,21-07-2023,5,Customer support was very helpful.,Positive
280,68,19,09-11-2023,4,"Good quality, but could be cheaper.",Positive
281,71,5,19-11-2025,4,"I love this product, will buy again!",Positive
282,59,5,17-02-2023,3,"Average experience, nothing special.",Neutral
283,87,13,14-02-2023,5,"I love this product, will buy again!",Positive
284,89,13,01-09-2023,4,"Great purchase, very satisfied.",Positive
285,29,3,25-08-2023,4,"Good quality, but could  be cheaper.",Positive
286,53,16,04-05-2023,5,"I love this product, will buy again!",Positive
287,75,6,14-02-2025,5,"I love this product, will  buy again!",Positive
288,68,17,21-06-2024,5,"Excellent product, highly recommend!",Positive
289,87,15,04-10-2023,5,Customer support was  very helpful.,Positive
290,20,14,23-09-2024,2,"Average experience, nothing special.",Negative
291,17,7,06-12-2025,5,"I love this product, will buy again!",Positive
292,15,7,19-10-2025,5,Customer support was very helpful.,Positive
293,25,13,14-02-2023,3,Not worth  the money.,Neutral
294,63,13,09-11-2023,3,Not worth the money.,Neutral
295,61,6,13-10-2024,3,"The product is okay, but the instructions were unclear.",Neutral
296,85,18,13-12-2023,4,The  quality is top-notch.,Positive
297,92,16,06-08-2023,3,"Average experience, nothing special.",Neutral
298,41,15,13-06-2025,4,Five stars for the quick delivery.,Positive
299,93,13,01-02-2024,1,Product did not meet my expectations.,Negative
300,22,18,09-05-2023,2,Disappointed with the performance.,Negative
301,6,7,30-05-2023,4,"I love this product, will buy again!",Positive
302,64,19,08-10-2024,5,The quality is top-notch.,Positive
303,20,10,25-04-2024,4,"Great purchase, very satisfied.",Positive
304,66,14,01-02-2023,3,"Average  experience, nothing special.",Neutral
305,87,7,25-08-2023,4,Customer support was very helpful.,Positive
306,52,8,19-07-2025,3,"Average experience, nothing special.",Neutral
307,63,16,08-01-2025,5,Exceeded my expectations!,Positive
308,90,14,02-04-2023,5,Shipping was fast and the item was well-packaged.,Positive
309,70,11,02-02-2023,3,"Good quality, but could be cheaper.",Neutral
310,40,1,30-11-2024,5,Exceeded my expectations!,Positive
311,52,11,14-11-2023,4,Shipping was fast and the item was well-packaged.,Positive
312,90,3,05-11-2023,2,The product arrived late.,Negative
313,13,3,14-01-2024,4,"I  love this product, will buy again!",Positive
314,22,17,06-10-2025,2,Product did not meet my expectations.,Negative
315,32,7,13-06-2025,4,The quality is top-notch.,Positive
316,48,4,15-08-2025,5,Five stars for the quick  delivery.,Positive
317,15,6,04-08-2023,3,"The product is okay, but the instructions were unclear.",Neutral
318,97,4,15-12-2023,4,"Good quality, but could be cheaper.",Positive
319,86,6,11-12-2024,5,Shipping was fast and the item was well-packaged.,Positive
320,79,17,24-02-2023,4,The quality is top-notch.,Positive
321,58,12,17-04-2024,4,"Good quality, but could be cheaper.",Positive
322,76,13,01-12-2024,4,"Great  purchase, very satisfied.",Positive
323,47,4,24-04-2023,4,Shipping was  fast and the item was well-packaged.,Positive
324,89,5,08-07-2024,4,Shipping was fast and the item  was well-packaged.,Positive
325,78,6,17-04-2023,4,"Good quality, but could be cheaper.",Positive
326,17,14,15-06-2024,4,The quality is top-notch.,Positive
327,95,8,25-08-2023,4,The quality is top-notch.,Positive
328,100,13,20-02-2024,2,Not worth the money.,Negative
329,6,9,07-12-2024,3,The quality is top-notch.,Neutral
330,22,14,18-03-2023,4,The quality is top-notch.,Positive
331,68,4,17-08-2023,5,"I love this product, will buy again!",Positive
332,2,10,06-11-2024,5,The build quality is impressive.,Positive
333,87,5,02-06-2024,4,"I love this product, will buy again!",Positive
334,70,9,14-04-2025,5,Five stars for the quick  delivery.,Positive
335,75,14,12-03-2024,5,"Great purchase, very satisfied.",Positive
336,8,8,07-02-2024,2,The product arrived late.,Negative
337,32,19,22-05-2024,3,"The product is okay, but the instructions were unclear.",Neutral
338,98,4,22-01-2023,2,The product arrived late.,Negative
339,38,2,11-01-2025,5,Exceeded my  expectations!,Positive
340,95,17,16-09-2025,5,"I love this product, will buy again!",Positive
341,62,3,04-11-2024,2,Not worth the money.,Negative
342,19,4,15-06-2025,4,The build quality is impressive.,Positive
343,84,4,13-04-2025,3,"Average experience, nothing special.",Neutral
344,21,10,02-11-2025,3,Not worth the money.,Neutral
345,48,4,24-07-2024,4,"I love this product, will buy again!",Positive
346,84,15,27-06-2025,5,The build quality is impressive.,Positive
347,75,16,19-08-2025,1,Disappointed  with the performance.,Negative
348,52,13,05-03-2024,2,Not worth the money.,Negative
349,26,11,19-11-2024,3,"I love this product, will buy again!",Neutral
350,57,6,22-08-2025,3,Not  worth the money.,Neutral
351,55,5,02-05-2023,3,"The product is okay, but  the instructions were unclear.",Neutral
352,43,11,22-12-2025,3,"Average experience, nothing special.",Neutral
353,36,15,08-09-2025,5,"Great  purchase, very satisfied.",Positive
354,50,18,03-01-2024,2,"Average experience, nothing special.",Negative
355,59,9,04-03-2024,2,"Average experience, nothing special.",Negative
356,86,14,23-11-2023,1,The product arrived late.,Negative
357,1,3,01-04-2024,4,Five stars for the quick delivery.,Positive
358,13,15,20-11-2023,3,"Average experience, nothing special.",Neutral
359,79,15,04-05-2024,5,Amazing value for the price.,Positive
360,33,15,09-09-2025,5,"Excellent product, highly recommend!",Positive
361,71,7,12-02-2024,5,"Excellent product, highly recommend!",Positive
362,33,11,11-02-2024,3,"The product is okay, but the instructions were unclear.",Neutral
363,17,15,15-04-2025,4,"Good quality, but could be cheaper.",Positive
364,46,8,26-04-2024,5,The build quality is impressive.,Positive
365,90,20,24-10-2025,3,"Good quality, but could be  cheaper.",Neutral
366,46,7,14-11-2023,5,Shipping was fast and the item was well-packaged.,Positive
367,96,1,02-07-2024,3,Not worth the  money.,Neutral
368,34,8,11-05-2025,1,"Not satisfied, the product broke after a week.",Negative
369,48,4,19-12-2024,4,Customer support was very helpful.,Positive
370,73,6,13-04-2023,4,The quality is top-notch.,Positive
371,29,1,20-01-2024,2,Product did not meet my expectations.,Negative
372,91,6,10-05-2023,4,"I love this product, will  buy again!",Positive
373,92,14,12-07-2025,1,"Average experience, nothing special.",Negative
374,89,12,08-02-2023,1,The product  stopped working after a month.,Negative
375,73,4,16-12-2024,5,The build quality is impressive.,Positive
376,38,6,03-07-2023,3,"Good quality,  but could be cheaper.",Neutral
377,77,4,29-11-2023,5,"Excellent product, highly recommend!",Positive
378,64,9,20-03-2024,2,The product arrived  late.,Negative
379,62,4,27-01-2023,5,The  quality is top-notch.,Positive
380,52,4,23-02-2024,4,"I love  this product, will buy again!",Positive
381,45,4,24-01-2024,3,"Good quality, but  could be cheaper.",Neutral
382,38,7,03-09-2023,4,"Good quality,  but could be cheaper.",Positive
383,54,13,05-09-2024,5,Amazing value for the price.,Positive
384,20,3,04-06-2025,3,Not worth the money.,Neutral
385,81,5,09-06-2023,4,Five stars for the quick delivery.,Positive
386,86,5,09-04-2024,3,"Good quality, but could be cheaper.",Neutral
387,42,14,29-03-2025,5,Shipping was fast and the  item was well-packaged.,Positive
388,99,1,10-12-2025,1,Disappointed with the performance.,Negative
389,14,2,14-09-2024,5,"Excellent product, highly recommend!",Positive
390,30,10,22-05-2023,3,"Good quality, but could be cheaper.",Neutral
391,98,20,05-01-2024,3,"Average experience, nothing special.",Neutral
392,93,11,29-06-2023,5,Amazing value for the price.,Positive
393,6,20,18-04-2024,2,Product did not meet my expectations.,Negative
394,7,4,19-10-2024,3,"The product is okay, but the instructions were unclear.",Neutral
395,35,9,12-04-2025,4,The quality is top-notch.,Positive
396,75,6,12-09-2025,3,"Good  quality, but could be cheaper.",Neutral
397,11,14,23-04-2024,4,The quality is top-notch.,Positive
398,17,7,02-09-2023,5,"I love this product, will buy again!",Positive
399,68,1,21-07-2024,3,"Average experience, nothing special.",Neutral
400,42,10,30-06-2023,3,Not worth the money.,Neutral
401,93,18,13-04-2024,4,"Good quality, but could be cheaper.",Positive
402,68,12,16-12-2025,4,The build quality is impressive.,Positive
403,53,14,18-06-2023,3,"Good quality, but  could be cheaper.",Neutral
404,90,7,04-06-2025,4,The quality is top-notch.,Positive
405,43,4,10-09-2025,5,Exceeded my  expectations!,Positive
406,11,9,15-12-2025,5,Exceeded my expectations!,Positive
407,79,11,12-01-2023,2,Disappointed with the  performance.,Negative
408,17,4,12-12-2023,5,The build quality is impressive.,Positive
409,59,19,22-02-2023,5,"I love this product, will buy  again!",Positive
410,83,1,11-01-2023,1,Product did not meet my expectations.,Negative
411,32,15,05-03-2023,3,"The product is okay, but the  instructions were unclear.",Neutral
412,83,7,10-05-2024,4,Customer support was very helpful.,Positive
413,60,12,24-08-2023,5,The build quality is impressive.,Positive
414,59,14,31-07-2025,4,"I love this product, will buy again!",Positive
415,97,8,04-06-2025,2,Disappointed with the  performance.,Negative
416,15,17,19-04-2023,5,The quality is top-notch.,Positive
417,9,16,28-11-2024,3,Not worth the money.,Neutral
418,94,2,02-03-2025,1,"Not satisfied, the product broke after a  week.",Negative
419,68,6,01-09-2025,1,The color was different from what was shown.,Negative
420,18,11,10-06-2023,5,"I love this  product, will buy again!",Positive
421,75,13,18-08-2025,5,The quality is top-notch.,Positive
422,81,17,30-09-2025,4,The quality is top-notch.,Positive
423,76,18,01-08-2023,2,Product did not meet my expectations.,Negative
424,53,11,21-03-2024,4,Customer support was very helpful.,Positive
425,89,6,04-03-2025,2,Not worth the money.,Negative
426,74,17,07-04-2024,4,Shipping was fast and the item was well-packaged.,Positive
427,81,11,20-08-2025,4,Five stars for the quick delivery.,Positive
428,58,9,17-01-2025,5,The build  quality is impressive.,Positive
429,71,2,08-06-2023,4,Customer  support was very helpful.,Positive
430,99,9,03-08-2025,2,"Average experience, nothing special.",Negative
431,94,11,10-02-2023,3,Not worth the money.,Neutral
432,31,18,14-02-2025,4,"I love this product, will buy again!",Positive
433,72,2,11-06-2025,5,The quality is top-notch.,Positive
434,7,18,25-02-2023,5,"Great purchase, very satisfied.",Positive
435,65,1,28-02-2023,5,Amazing value for the price.,Positive
436,11,1,03-01-2024,4,Shipping was fast  and the item was well-packaged.,Positive
437,73,4,24-06-2023,5,"Excellent product, highly recommend!",Positive
438,72,20,13-09-2023,5,Five stars for the quick delivery.,Positive
439,67,11,11-11-2025,3,"The product is okay, but the instructions were unclear.",Neutral
440,93,7,22-07-2023,3,Not worth the money.,Neutral
441,12,6,03-09-2023,1,Product did  not meet my expectations.,Negative
442,28,8,06-04-2025,1,The product stopped working after a month.,Negative
443,37,13,19-01-2024,3,"Good quality, but could be cheaper.",Neutral
444,22,16,20-10-2023,5,The build quality is impressive.,Positive
445,25,14,27-05-2023,3,"Good quality, but could be cheaper.",Neutral
446,84,14,10-06-2025,5,The quality is top-notch.,Positive
447,38,2,19-08-2024,4,Shipping  was fast and the item was well-packaged.,Positive
448,75,12,25-12-2025,4,"Excellent product, highly recommend!",Positive
449,43,14,10-03-2024,5,Shipping was fast and the item was well-packaged.,Positive
450,92,4,04-08-2024,5,Amazing value for the price.,Positive
451,68,11,18-04-2023,5,"Excellent product, highly recommend!",Positive
452,42,19,28-08-2024,4,"Good quality, but could be cheaper.",Positive
453,100,2,23-04-2023,4,Customer support was very helpful.,Positive
454,27,9,17-09-2025,4,Customer support  was very helpful.,Positive
455,79,20,30-07-2024,3,"The product is okay, but the instructions were unclear.",Neutral
456,2,1,09-01-2024,2,Product did not meet my expectations.,Negative
457,29,1,12-12-2024,3,"The product is okay, but the instructions were unclear.",Neutral
458,42,20,05-07-2025,4,"Good quality, but could be cheaper.",Positive
459,90,17,16-06-2023,4,Five stars for the quick delivery.,Positive
460,92,16,09-08-2025,4,"Good quality, but could be cheaper.",Positive
461,66,5,11-10-2025,4,The quality is top-notch.,Positive
462,85,14,02-02-2023,5,The  build quality is impressive.,Positive
463,5,2,02-11-2025,3,"Great purchase, very  satisfied.",Neutral
464,73,11,28-05-2024,4,"Great purchase, very  satisfied.",Positive
465,43,12,14-12-2025,1,Disappointed  with the performance.,Negative
466,49,16,16-02-2023,5,Shipping was fast and the item was well-packaged.,Positive
467,29,16,16-07-2023,3,"The product is okay, but the instructions were unclear.",Neutral
468,12,12,09-01-2024,5,"Excellent product, highly recommend!",Positive
469,54,13,06-10-2023,4,Customer support was very helpful.,Positive
470,46,1,24-10-2025,4,Customer support was very helpful.,Positive
471,88,4,26-04-2024,5,The quality is top-notch.,Positive
472,69,8,05-12-2024,4,Shipping was fast and the item was well-packaged.,Positive
473,7,19,03-08-2024,1,The product arrived late.,Negative
474,47,20,31-05-2025,3,"Good quality, but could be cheaper.",Neutral
475,74,20,18-04-2023,4,The quality is top-notch.,Positive
476,54,10,12-12-2023,4,Customer support  was very helpful.,Positive
477,91,10,25-04-2025,4,The  quality is top-notch.,Positive
478,79,6,23-07-2023,5,The build quality is impressive.,Positive
479,7,13,28-12-2024,4,Customer support was very helpful.,Positive
480,90,9,22-07-2023,5,"Great purchase, very satisfied.",Positive
481,21,2,02-12-2024,4,Shipping was fast and the item was well-packaged.,Positive
482,49,10,11-07-2025,5,Amazing value for the price.,Positive
483,28,20,29-06-2024,2,The product arrived late.,Negative
484,36,10,22-08-2023,1,The product arrived late.,Negative
485,66,18,10-06-2025,5,"I love this product, will buy again!",Positive
486,44,3,20-01-2024,3,Not worth the money.,Neutral
487,78,3,01-05-2025,1,I had a bad experience with this product.,Negative
488,89,12,24-02-2025,5,Exceeded my expectations!,Positive
489,15,8,09-11-2023,4,Five stars  for the quick delivery.,Positive
490,46,11,05-07-2025,4,Five stars for the quick delivery.,Positive
491,59,6,22-06-2023,4,"Great purchase, very satisfied.",Positive
492,94,20,19-03-2025,2,"The product is okay, but the instructions were unclear.",Negative
493,26,2,16-07-2024,5,"I love this product, will buy again!",Positive
494,2,13,25-05-2025,5,Five stars for the quick delivery.,Positive
495,56,7,26-04-2023,4,Customer support was very helpful.,Positive
496,87,1,29-01-2024,5,Exceeded my expectations!,Positive
497,90,6,21-02-2024,4,Customer support was very helpful.,Positive
498,81,17,17-01-2025,3,"The product is okay, but the instructions were unclear.",Neutral
499,72,6,26-08-2024,4,Shipping was fast and the item was well-packaged.,Positive
500,57,9,20-12-2025,2,Not worth the money.,Negative
501,39,12,01-12-2023,4,Customer support was  very helpful.,Positive
502,5,1,10-11-2025,2,Product  did not meet my expectations.,Negative
503,5,16,03-07-2024,2,Product did not meet  my expectations.,Negative
504,35,8,18-01-2024,4,Five stars for the quick delivery.,Positive
505,82,2,11-07-2024,5,"Great purchase, very satisfied.",Positive
506,80,8,19-10-2025,2,"Average experience,  nothing special.",Negative
507,66,3,10-12-2024,3,Customer support  was very helpful.,Neutral
508,64,14,19-01-2025,3,"Good quality, but could be  cheaper.",Neutral
509,5,11,25-05-2024,5,The quality is top-notch.,Positive
510,20,6,05-11-2024,4,"Great purchase, very satisfied.",Positive
511,55,15,01-04-2025,1,Not  worth the money.,Negative
512,11,1,15-01-2025,3,Shipping was fast and the item was well-packaged.,Neutral
513,21,3,09-11-2025,5,Amazing value  for the price.,Positive
514,72,15,18-06-2023,2,"Average experience, nothing special.",Negative
515,89,3,06-12-2024,3,"The product is okay, but the instructions were unclear.",Neutral
516,46,18,03-01-2025,4,The quality  is top-notch.,Positive
517,29,4,30-03-2024,5,"Great purchase, very  satisfied.",Positive
518,17,12,27-04-2024,4,"Good quality, but could be cheaper.",Positive
519,58,4,06-03-2023,3,"The product is okay, but the instructions were unclear.",Neutral
520,63,1,24-08-2024,3,"Good quality, but could be cheaper.",Neutral
521,47,5,31-03-2024,2,Product did not meet my expectations.,Negative
522,8,10,04-08-2023,1,Product  did not meet my expectations.,Negative
523,8,12,07-12-2023,5,Shipping was fast and the item was well-packaged.,Positive
524,27,4,01-09-2025,4,The quality is top-notch.,Positive
525,1,1,23-11-2023,4,"I love this product, will buy again!",Positive
526,74,3,20-05-2025,3,"Good  quality, but could be cheaper.",Neutral
527,27,14,03-07-2024,3,Not worth  the money.,Neutral
528,81,16,09-11-2024,5,Five stars for the quick delivery.,Positive
529,19,11,05-05-2025,4,Five stars  for the quick delivery.,Positive
530,48,10,24-11-2025,5,"Great purchase, very satisfied.",Positive
531,65,3,21-07-2024,5,Exceeded my expectations!,Positive
532,6,6,30-05-2023,5,The quality is top-notch.,Positive
533,92,6,06-04-2024,4,The quality is top-notch.,Positive
534,41,2,02-07-2025,4,"Great purchase, very satisfied.",Positive
535,85,13,25-03-2023,4,"I love this product, will buy again!",Positive
536,33,19,29-12-2024,2,Not worth the money.,Negative
537,8,9,11-03-2023,4,Shipping was fast and the item  was well-packaged.,Positive
538,29,16,12-11-2025,4,"Good quality, but could be cheaper.",Positive
539,74,17,02-12-2024,4,The quality is top-notch.,Positive
540,28,18,09-12-2025,3,"Good quality, but could be cheaper.",Neutral
541,73,20,08-08-2025,5,"I love this product, will buy again!",Positive
542,49,5,11-07-2023,1,"Not  satisfied, the product broke after a week.",Negative
543,64,17,31-10-2023,5,The build quality is impressive.,Positive
544,65,6,29-10-2023,5,The quality is top-notch.,Positive
545,45,13,11-06-2024,4,Customer support was very helpful.,Positive
546,33,1,14-11-2024,5,Exceeded my expectations!,Positive
547,28,11,28-05-2024,1,The product arrived late.,Negative
548,40,12,11-01-2023,5,Amazing value for the price.,Positive
549,73,15,06-04-2025,4,Five stars for the quick  delivery.,Positive
550,51,12,07-10-2024,3,Shipping was fast and the item was well-packaged.,Neutral
551,45,2,17-04-2025,3,"Good quality, but could be cheaper.",Neutral
552,68,1,28-07-2023,4,"Great purchase, very satisfied.",Positive
553,60,20,26-04-2025,5,Customer support was very helpful.,Positive
554,18,1,16-08-2024,2,The product arrived late.,Negative
555,69,18,24-11-2025,5,Customer support was very helpful.,Positive
556,91,6,04-01-2025,4,"Great purchase, very satisfied.",Positive
557,55,10,28-07-2024,3,"Great purchase,  very satisfied.",Neutral
558,83,13,11-02-2025,4,"I love this product, will buy again!",Positive
559,46,12,16-05-2024,4,"I love this product, will buy again!",Positive
560,24,6,08-11-2024,5,Exceeded my expectations!,Positive
561,6,5,27-02-2025,1,The product stopped working after a month.,Negative
562,41,5,25-02-2024,3,Not worth the money.,Neutral
563,86,13,27-02-2025,4,"Good quality, but could be cheaper.",Positive
564,9,12,13-10-2025,5,Customer support was very helpful.,Positive
565,60,20,30-06-2024,1,"Terrible customer service, would not  buy again.",Negative
566,89,10,15-08-2025,4,Five  stars for the quick delivery.,Positive
567,78,16,21-02-2024,5,Shipping was fast and the item was well-packaged.,Positive
568,17,13,04-08-2024,4,"I love this product, will buy again!",Positive
569,58,9,17-07-2024,5,Exceeded my  expectations!,Positive
570,50,15,29-04-2025,4,Customer support was very helpful.,Positive
571,2,8,15-10-2024,3,"Average experience, nothing special.",Neutral
572,37,16,23-04-2025,4,"Great purchase, very  satisfied.",Positive
573,57,8,27-04-2024,4,Customer support was very helpful.,Positive
574,72,9,13-10-2025,5,Shipping was fast and the item was well-packaged.,Positive
575,93,14,19-09-2025,5,"Great purchase, very satisfied.",Positive
576,71,9,04-10-2025,5,Amazing value for the price.,Positive
577,65,9,18-04-2024,4,"I love this product, will buy again!",Positive
578,32,15,01-08-2023,5,The quality is top-notch.,Positive
579,24,8,16-01-2024,4,"Good quality, but could be cheaper.",Positive
580,48,1,15-04-2025,3,"Average  experience, nothing special.",Neutral
581,69,18,19-03-2024,4,The quality is top-notch.,Positive
582,65,9,29-01-2023,5,Exceeded my  expectations!,Positive
583,88,8,03-07-2025,5,Five stars for the quick delivery.,Positive
584,70,20,04-12-2024,4,Exceeded my expectations!,Positive
585,87,12,23-10-2025,4,"I love this product, will buy again!",Positive
586,7,17,11-04-2023,2,Not worth the money.,Negative
587,31,17,31-08-2025,3,Not worth  the money.,Neutral
588,39,18,03-09-2025,3,Shipping was fast and the item was well-packaged.,Neutral
589,64,4,21-03-2024,3,Not  worth the money.,Neutral
590,27,4,13-09-2024,3,Not worth the money.,Neutral
591,65,12,29-10-2024,5,Five stars  for the quick delivery.,Positive
592,100,1,18-01-2025,3,"The product is okay, but the instructions were unclear.",Neutral
593,62,8,12-06-2025,5,The build quality is impressive.,Positive
594,14,4,01-10-2025,2,Not worth the money.,Negative
595,46,5,18-09-2025,4,Exceeded  my expectations!,Positive
596,48,15,27-06-2025,3,"Good quality, but could  be cheaper.",Neutral
597,11,1,07-09-2025,5,The quality is top-notch.,Positive
598,3,2,04-08-2023,5,Amazing value for the price.,Positive
599,94,19,01-08-2025,5,Customer support was very helpful.,Positive
600,65,3,11-01-2025,2,Not worth  the money.,Negative
601,25,11,31-07-2025,5,Amazing  value for the price.,Positive
602,56,8,08-02-2023,3,Not worth the money.,Neutral
603,88,4,02-07-2024,5,Exceeded my expectations!,Positive
604,87,2,10-06-2023,3,"Average experience, nothing  special.",Neutral
605,1,3,17-06-2023,3,"The product is okay, but the instructions were unclear.",Neutral
606,48,8,14-10-2023,5,The build quality is impressive.,Positive
607,25,14,07-07-2025,3,"Great purchase, very satisfied.",Neutral
608,7,9,21-03-2023,4,"Great purchase, very satisfied.",Positive
609,40,10,23-10-2025,3,"Average experience, nothing special.",Neutral
610,69,3,29-01-2025,5,"Great purchase, very satisfied.",Positive
611,6,4,06-12-2023,2,"Average experience, nothing special.",Negative
612,38,2,17-06-2025,4,"I love this product, will buy again!",Positive
613,48,12,10-02-2025,3,"The product is okay, but the instructions  were unclear.",Neutral
614,23,2,20-01-2025,3,"I love this product, will buy again!",Neutral
615,98,1,08-01-2025,5,"Excellent  product, highly recommend!",Positive
616,38,20,14-11-2023,5,Shipping was fast and the item was well-packaged.,Positive
617,29,15,22-12-2025,4,Customer support was very helpful.,Positive
618,45,7,21-08-2024,4,Shipping was fast and the item  was well-packaged.,Positive
619,68,14,06-12-2023,5,Customer support was very helpful.,Positive
620,100,1,22-10-2024,5,Five stars for the quick delivery.,Positive
621,70,14,13-05-2025,2,The product arrived late.,Negative
622,30,4,22-12-2025,4,The quality  is top-notch.,Positive
623,5,1,15-06-2025,3,"Good quality, but could be cheaper.",Neutral
624,82,14,28-11-2023,5,Customer support was very helpful.,Positive
625,32,10,20-02-2023,5,"Great purchase, very  satisfied.",Positive
626,38,11,18-12-2025,5,Exceeded my expectations!,Positive
627,18,6,26-06-2023,5,Amazing value for  the price.,Positive
628,22,4,30-08-2025,3,"Average experience, nothing special.",Neutral
629,16,20,28-07-2024,5,Exceeded my  expectations!,Positive
630,31,10,14-08-2024,4,The quality is  top-notch.,Positive
631,73,12,30-10-2024,4,"Good quality, but could be  cheaper.",Positive
632,40,20,24-02-2023,3,"Average experience,  nothing special.",Neutral
633,52,3,26-12-2023,2,The  product arrived late.,Negative
634,27,13,25-02-2024,4,"Good quality, but could be  cheaper.",Positive
635,85,16,22-02-2023,3,"The product is okay, but the instructions were  unclear.",Neutral
636,37,13,18-12-2023,4,Shipping was fast and the item was well-packaged.,Positive
637,17,7,21-08-2024,3,"Good quality, but could be cheaper.",Neutral
638,63,16,23-08-2025,2,"Good quality, but could be cheaper.",Negative
639,14,12,07-07-2024,5,Amazing value for the price.,Positive
640,23,14,09-08-2024,3,"The product is okay,  but the instructions were unclear.",Neutral
641,58,9,05-01-2024,1,I had a bad experience with this product.,Negative
642,53,17,28-04-2025,2,Disappointed with the performance.,Negative
643,89,16,07-01-2024,5,"Excellent product, highly recommend!",Positive
644,97,10,25-11-2023,5,Customer support was very helpful.,Positive
645,23,20,02-11-2023,5,Customer support  was very helpful.,Positive
646,75,2,09-10-2023,5,"I  love this product, will buy again!",Positive
647,68,2,03-01-2023,4,Customer support was  very helpful.,Positive
648,76,5,19-03-2023,4,"I love this product, will buy again!",Positive
649,8,17,05-02-2025,2,Not worth the money.,Negative
650,28,3,08-11-2024,4,Five stars for the quick delivery.,Positive
651,38,9,10-09-2024,4,"Good quality, but could be cheaper.",Positive
652,39,19,06-05-2025,5,The quality is top-notch.,Positive
653,66,16,14-01-2025,5,Amazing value for the price.,Positive
654,46,8,01-01-2023,1,The color was different from what was shown.,Negative
655,63,16,06-04-2023,4,The quality is top-notch.,Positive
656,17,11,22-07-2024,3,"Good quality,  but could be cheaper.",Neutral
657,35,11,18-10-2025,5,"Excellent product, highly recommend!",Positive
658,3,18,16-06-2025,1,Not worth the  money.,Negative
659,29,20,16-03-2023,5,The build quality is impressive.,Positive
660,62,5,06-10-2023,5,Shipping was fast and the item was well-packaged.,Positive
661,40,18,20-09-2025,2,"Average experience, nothing special.",Negative
662,15,5,24-03-2025,4,Shipping was fast and the item was well-packaged.,Positive
663,23,10,26-05-2025,5,"Excellent product, highly  recommend!",Positive
664,31,16,11-08-2025,3,"The product is okay, but the instructions were unclear.",Neutral
665,99,12,03-01-2024,2,Product did not meet my expectations.,Negative
666,53,19,25-05-2024,3,Not  worth the money.,Neutral
667,80,14,08-01-2024,4,The quality  is top-notch.,Positive
668,55,4,25-04-2024,5,"Excellent product,  highly recommend!",Positive
669,19,19,31-12-2025,4,Five stars for the quick delivery.,Positive
670,53,13,31-03-2024,5,The build quality is  impressive.,Positive
671,24,5,28-03-2023,3,"The product is okay, but the instructions were unclear.",Neutral
672,95,14,15-02-2025,5,"Great  purchase, very satisfied.",Positive
673,74,12,16-10-2025,4,Customer support was very helpful.,Positive
674,29,1,30-08-2023,3,"The product is okay, but the instructions were unclear.",Neutral
675,24,9,07-02-2025,2,Not worth the money.,Negative
676,6,12,14-03-2024,5,The build quality is  impressive.,Positive
677,6,17,29-03-2024,4,Five  stars for the quick delivery.,Positive
678,49,9,19-05-2025,3,"Average experience, nothing special.",Neutral
679,10,8,29-09-2025,2,Not worth the money.,Negative
680,60,20,12-06-2025,4,Exceeded my  expectations!,Positive
681,48,16,21-03-2024,5,The quality is top-notch.,Positive
682,80,11,05-01-2023,1,"Not satisfied, the product broke after a week.",Negative
683,22,10,06-04-2025,3,"Good quality, but could be cheaper.",Neutral
684,92,12,12-01-2025,2,Product did not meet my expectations.,Negative
685,86,14,22-03-2024,1,The color was different from what was shown.,Negative
686,31,17,09-05-2023,5,"I  love this product, will buy again!",Positive
687,86,17,16-07-2023,2,Not worth the money.,Negative
688,32,12,07-07-2025,4,Customer support was very helpful.,Positive
689,34,16,23-04-2025,4,Customer support was very helpful.,Positive
690,61,19,11-10-2023,4,Five stars for the quick delivery.,Positive
691,40,7,27-07-2024,3,Five stars for the quick delivery.,Neutral
692,64,10,22-12-2023,3,Not worth the  money.,Neutral
693,58,10,31-08-2023,5,The build quality is  impressive.,Positive
694,27,13,05-07-2024,3,"Average experience, nothing special.",Neutral
695,13,14,15-09-2023,4,Customer support  was very helpful.,Positive
696,48,11,07-10-2023,4,Five stars for the quick delivery.,Positive
697,13,7,21-09-2024,4,"Great purchase, very satisfied.",Positive
698,4,18,28-06-2023,3,"The product is okay, but the instructions were unclear.",Neutral
699,42,19,30-01-2023,3,Not worth the money.,Neutral
700,14,2,23-11-2023,4,"I  love this product, will buy again!",Positive
701,68,4,02-01-2023,5,Shipping was fast and the item was well-packaged.,Positive
702,92,3,06-02-2025,3,Not worth the money.,Neutral
703,3,16,17-04-2024,5,Five stars for the quick delivery.,Positive
704,8,20,26-09-2024,5,Exceeded my expectations!,Positive
705,88,11,25-05-2025,5,Exceeded  my expectations!,Positive
706,75,5,03-01-2024,5,Exceeded my  expectations!,Positive
707,96,16,08-08-2024,2,Not worth the money.,Negative
708,70,17,20-01-2024,5,The build quality is impressive.,Positive
709,1,16,25-02-2023,5,Customer support was very helpful.,Positive
710,88,7,26-09-2025,5,Customer support was very helpful.,Positive
711,39,12,07-12-2023,5,"Excellent  product, highly recommend!",Positive
712,53,17,17-09-2024,3,Not worth the money.,Neutral
713,55,12,12-12-2024,4,"I love this product, will buy again!",Positive
714,76,2,11-01-2023,4,"Good quality, but could be cheaper.",Positive
715,13,2,26-03-2024,4,"Great purchase, very satisfied.",Positive
716,64,2,12-08-2023,3,"Good quality, but could be cheaper.",Neutral
717,82,1,07-03-2025,5,Exceeded my expectations!,Positive
718,30,20,19-05-2023,1,"Terrible customer service, would not buy again.",Negative
719,24,4,03-12-2025,2,"The product is okay, but the instructions were unclear.",Negative
720,41,4,05-08-2025,5,Shipping was fast and the item was  well-packaged.,Positive
721,4,15,25-09-2024,2,Not  worth the money.,Negative
722,68,16,14-10-2025,4,The quality is top-notch.,Positive
723,84,7,22-11-2023,2,The product arrived late.,Negative
724,31,3,21-01-2024,4,Shipping was fast and the item was well-packaged.,Positive
725,13,6,30-09-2025,4,The quality is top-notch.,Positive
726,33,20,16-10-2024,5,Customer support was  very helpful.,Positive
727,39,1,24-09-2025,3,"Average experience, nothing special.",Neutral
728,30,1,23-08-2024,5,Customer support was very helpful.,Positive
729,99,9,17-03-2023,1,Not worth the money.,Negative
730,67,6,15-01-2025,4,The quality is  top-notch.,Positive
731,4,7,13-07-2023,5,The build  quality is impressive.,Positive
732,56,20,02-03-2025,4,"Excellent product, highly recommend!",Positive
733,75,13,07-11-2024,4,Customer support was very helpful.,Positive
734,63,2,10-03-2024,5,Five stars for the quick delivery.,Positive
735,22,15,02-03-2024,4,Customer support was very helpful.,Positive
736,72,6,17-10-2023,5,"Excellent product, highly recommend!",Positive
737,45,15,11-10-2023,3,Not worth the money.,Neutral
738,3,12,22-08-2025,4,"Good quality, but could be cheaper.",Positive
739,70,18,05-07-2023,3,"Average experience, nothing special.",Neutral
740,33,5,05-02-2025,2,"Good quality, but could be cheaper.",Negative
741,3,9,24-05-2025,3,Not  worth the money.,Neutral
742,84,7,03-03-2025,3,"Good quality, but could be cheaper.",Neutral
743,89,3,15-05-2023,3,Not worth the money.,Neutral
744,63,19,31-03-2023,3,Not worth the money.,Neutral
745,85,12,17-05-2024,5,Exceeded my expectations!,Positive
746,24,13,28-03-2024,5,"I love  this product, will buy again!",Positive
747,84,1,27-04-2023,5,"I love this product, will buy again!",Positive
748,100,13,15-09-2025,3,"Great purchase,  very satisfied.",Neutral
749,64,13,28-06-2025,2,Not worth the money.,Negative
750,3,5,20-06-2024,4,The  quality is top-notch.,Positive
751,58,17,11-07-2025,5,"I love this product, will buy again!",Positive
752,7,12,11-10-2024,1,Not worth the money.,Negative
753,94,4,29-01-2023,5,The build quality is impressive.,Positive
754,55,11,11-07-2025,4,The quality is top-notch.,Positive
755,27,15,31-03-2024,4,"Great purchase, very satisfied.",Positive
756,94,8,25-03-2025,4,"Good quality, but could be cheaper.",Positive
757,8,13,27-09-2023,4,Shipping was fast and the item was well-packaged.,Positive
758,53,1,23-05-2024,2,"Average experience, nothing  special.",Negative
759,21,16,13-12-2024,2,Product did not meet my expectations.,Negative
760,100,5,18-12-2025,3,Not  worth the money.,Neutral
761,49,16,17-03-2025,3,Customer support was very helpful.,Neutral
762,39,13,31-05-2025,4,Shipping was fast and the item was well-packaged.,Positive
763,54,16,16-08-2023,3,"The product is okay, but the instructions were unclear.",Neutral
764,84,11,08-07-2024,1,"Terrible customer service, would not buy again.",Negative
765,74,18,11-12-2024,1,Disappointed with the performance.,Negative
766,83,7,31-07-2025,4,Five stars for the quick delivery.,Positive
767,48,11,09-10-2023,5,Exceeded  my expectations!,Positive
768,24,16,18-02-2023,4,Shipping was fast and the item was well-packaged.,Positive
769,77,7,02-09-2024,5,"Excellent product,  highly recommend!",Positive
770,52,1,02-02-2025,4,Customer support was very helpful.,Positive
771,32,12,21-03-2025,4,"Good quality, but could be cheaper.",Positive
772,62,4,13-09-2023,4,Five  stars for the quick delivery.,Positive
773,17,14,21-06-2024,2,Disappointed with the performance.,Negative
774,46,6,10-12-2025,5,"Great purchase,  very satisfied.",Positive
775,13,16,31-08-2025,4,"Great purchase, very  satisfied.",Positive
776,17,13,12-01-2023,5,Customer support was very helpful.,Positive
777,81,6,14-02-2024,5,Five stars for the quick delivery.,Positive
778,97,7,11-06-2025,5,The quality is  top-notch.,Positive
779,66,17,25-05-2025,5,Five stars for the quick delivery.,Positive
780,83,1,23-10-2025,5,The build quality is impressive.,Positive
781,68,13,06-06-2024,5,Exceeded my expectations!,Positive
782,25,3,19-08-2024,5,Customer support was very helpful.,Positive
783,21,18,30-11-2024,5,The build quality is impressive.,Positive
784,22,16,09-12-2024,2,"The product is okay, but the instructions were unclear.",Negative
785,9,10,11-10-2025,4,"I love this product, will buy again!",Positive
786,37,13,29-07-2025,5,Five stars for the quick delivery.,Positive
787,59,5,08-08-2024,3,"Average experience, nothing special.",Neutral
788,83,15,16-05-2025,3,Customer support was  very helpful.,Neutral
789,7,17,08-04-2023,5,Amazing value for the price.,Positive
790,73,9,08-06-2024,4,Shipping was fast and the item was well-packaged.,Positive
791,11,18,27-06-2023,3,"Average experience, nothing  special.",Neutral
792,88,14,29-07-2023,3,"The product is  okay, but the instructions were unclear.",Neutral
793,53,7,21-05-2025,5,"I love this product, will buy again!",Positive
794,24,17,03-12-2024,5,"Excellent product, highly recommend!",Positive
795,4,14,16-12-2024,5,Customer support was very helpful.,Positive
796,27,17,27-02-2025,5,The build quality is impressive.,Positive
797,68,19,22-02-2025,5,The quality is  top-notch.,Positive
798,95,13,22-08-2023,2,"Average experience, nothing special.",Negative
799,96,9,17-07-2025,3,"Average experience, nothing special.",Neutral
800,74,8,23-05-2024,5,Five stars for the quick delivery.,Positive
801,36,10,09-01-2023,2,Not worth the money.,Negative
802,12,16,04-03-2023,5,Shipping was fast and the item was well-packaged.,Positive
803,6,11,22-09-2023,4,"I love this product, will buy again!",Positive
804,16,8,22-09-2025,3,"Good quality, but could be cheaper.",Neutral
805,76,20,28-10-2024,2,Not worth the money.,Negative
806,18,9,28-08-2023,5,The quality is top-notch.,Positive
807,68,8,06-03-2025,3,"The product is okay, but the instructions were unclear.",Neutral
808,49,6,12-12-2025,3,"Good quality, but could be  cheaper.",Neutral
809,37,17,20-08-2023,2,Product did not meet my  expectations.,Negative
810,56,2,24-06-2025,2,Disappointed with the performance.,Negative
811,10,2,28-01-2024,3,"The product is okay, but the instructions were unclear.",Neutral
812,80,20,19-04-2025,4,"I love this product, will  buy again!",Positive
813,58,15,28-03-2024,5,The quality is top-notch.,Positive
814,93,3,28-10-2024,3,Not worth the money.,Neutral
815,72,6,19-11-2025,1,I had a bad experience  with this product.,Negative
816,91,1,11-01-2024,4,"Great purchase,  very satisfied.",Positive
817,6,15,17-11-2024,3,Five stars for the quick delivery.,Neutral
818,55,20,11-12-2023,3,"Average experience, nothing  special.",Neutral
819,20,15,12-05-2024,4,Shipping was fast and the item  was well-packaged.,Positive
820,47,19,10-04-2023,3,Not worth the money.,Neutral
821,98,12,19-10-2025,3,"The product is okay, but the instructions were unclear.",Neutral
822,47,15,28-01-2023,4,"Great purchase, very satisfied.",Positive
823,59,14,29-09-2024,5,Five  stars for the quick delivery.,Positive
824,77,13,30-07-2024,3,"Good quality, but could be cheaper.",Neutral
825,21,18,10-01-2023,1,"Not satisfied, the product broke after a week.",Negative
826,8,11,29-10-2024,4,"Great purchase, very satisfied.",Positive
827,84,18,05-04-2025,5,Shipping was fast and the item was well-packaged.,Positive
828,53,20,28-02-2025,5,"I love this product, will buy again!",Positive
829,31,9,17-05-2023,4,"Great purchase, very satisfied.",Positive
830,61,19,23-07-2025,2,"Average experience, nothing  special.",Negative
831,48,17,30-08-2025,3,Not worth the money.,Neutral
832,44,17,23-04-2024,3,"Average experience, nothing special.",Neutral
833,31,18,29-08-2023,5,Exceeded my  expectations!,Positive
834,74,1,21-09-2025,2,"Average  experience, nothing special.",Negative
835,12,12,07-05-2024,5,Exceeded my expectations!,Positive
836,52,9,25-10-2023,1,Product did  not meet my expectations.,Negative
837,19,16,11-12-2023,5,Customer support was very helpful.,Positive
838,61,17,21-04-2024,5,Shipping was fast and the  item was well-packaged.,Positive
839,79,7,02-08-2024,4,Shipping  was fast and the item was well-packaged.,Positive
840,44,10,30-01-2023,4,The quality is top-notch.,Positive
841,88,10,25-08-2023,3,"The product is okay, but the instructions were unclear.",Neutral
842,70,17,03-10-2024,5,The build quality is impressive.,Positive
843,51,13,28-08-2025,2,Not worth  the money.,Negative
844,66,10,01-07-2023,4,"I love this product, will  buy again!",Positive
845,89,7,26-07-2023,3,"The product is okay, but the instructions were unclear.",Neutral
846,17,17,22-04-2024,4,The quality is top-notch.,Positive
847,6,5,29-05-2025,1,"Terrible customer service, would not buy again.",Negative
848,6,18,08-03-2023,1,The product stopped working after a month.,Negative
849,78,10,01-02-2025,2,"Good quality, but could be cheaper.",Negative
850,89,12,24-07-2023,4,The quality is top-notch.,Positive
851,31,12,29-11-2025,5,The quality is top-notch.,Positive
852,37,11,03-12-2024,4,Customer support was very helpful.,Positive
853,42,11,19-05-2023,3,"The product is okay, but  the instructions were unclear.",Neutral
854,7,5,09-06-2025,5,Shipping was fast  and the item was well-packaged.,Positive
855,2,7,08-01-2024,2,Not worth the money.,Negative
856,23,6,03-01-2023,5,Customer support was very helpful.,Positive
857,11,15,17-10-2023,4,"Great purchase, very satisfied.",Positive
858,92,17,05-05-2025,3,"Average experience, nothing special.",Neutral
859,6,19,25-06-2024,5,Amazing value for the price.,Positive
860,27,5,26-01-2025,3,Not worth  the money.,Neutral
861,70,8,18-04-2024,5,"I love this product, will buy again!",Positive
862,4,10,17-01-2025,2,Disappointed with the performance.,Negative
863,93,5,05-07-2025,3,"The product is okay, but the  instructions were unclear.",Neutral
864,85,1,16-01-2025,4,Customer support was very  helpful.,Positive
865,17,13,03-03-2025,4,"Good quality, but could be cheaper.",Positive
866,36,16,03-03-2025,5,Customer support was very helpful.,Positive
867,7,8,20-07-2023,1,"Terrible customer service, would not buy again.",Negative
868,10,14,01-11-2024,4,Customer support was very helpful.,Positive
869,18,3,02-02-2023,4,Five stars for the quick delivery.,Positive
870,19,2,19-03-2023,3,"Average experience, nothing special.",Neutral
871,3,5,20-03-2024,5,The  build quality is impressive.,Positive
872,96,3,14-04-2025,2,Product did  not meet my expectations.,Negative
873,82,15,21-06-2025,5,Shipping was fast and the item was well-packaged.,Positive
874,78,8,09-11-2025,4,The build quality is impressive.,Positive
875,44,20,27-11-2023,4,"Good quality, but could be cheaper.",Positive
876,10,19,19-06-2024,1,The product stopped working after a month.,Negative
877,78,14,28-08-2024,3,"The product is okay, but the instructions were unclear.",Neutral
878,24,10,26-05-2025,2,"Average experience, nothing special.",Negative
879,2,6,16-09-2023,4,"Great purchase, very satisfied.",Positive
880,29,13,31-07-2023,5,"Excellent product, highly recommend!",Positive
881,63,2,25-04-2023,4,"I love this product, will buy again!",Positive
882,6,7,08-10-2024,4,"Great purchase, very satisfied.",Positive
883,4,9,08-07-2023,4,"Great purchase, very satisfied.",Positive
884,24,2,08-11-2023,5,Amazing value for the price.,Positive
885,58,6,10-09-2024,5,Customer support was very helpful.,Positive
886,95,15,14-02-2025,5,Customer support was very helpful.,Positive
887,38,10,17-03-2025,2,"Average experience, nothing special.",Negative
888,83,4,05-01-2023,1,I had a bad experience with this product.,Negative
889,45,15,02-10-2024,4,"Great  purchase, very satisfied.",Positive
890,59,5,25-07-2024,1,Product did not meet my expectations.,Negative
891,48,9,26-02-2025,3,Not worth the money.,Neutral
892,27,4,01-08-2025,4,"Great purchase, very  satisfied.",Positive
893,51,3,06-02-2024,4,Customer support was very helpful.,Positive
894,82,4,23-06-2023,3,"The product is okay, but the instructions were unclear.",Neutral
895,38,4,28-10-2024,5,Exceeded my expectations!,Positive
896,40,20,17-10-2025,4,Five stars for the quick delivery.,Positive
897,48,5,05-01-2025,2,"The product is okay, but the instructions were unclear.",Negative
898,76,15,18-09-2023,5,Shipping was fast and the item was well-packaged.,Positive
899,89,9,02-01-2024,4,"Good quality, but could be cheaper.",Positive
900,10,5,04-04-2025,3,"The product is okay, but the instructions were  unclear.",Neutral
901,16,19,15-02-2023,4,The quality is top-notch.,Positive
902,75,13,02-07-2025,4,"Great purchase, very satisfied.",Positive
903,69,5,05-10-2025,4,Customer support  was very helpful.,Positive
904,68,9,24-12-2025,4,Five stars for the quick delivery.,Positive
905,82,4,05-05-2024,2,Not  worth the money.,Negative
906,92,17,27-02-2025,4,Five stars for the quick delivery.,Positive
907,67,3,21-10-2023,5,Customer support was very helpful.,Positive
908,37,9,28-03-2025,3,Not worth the money.,Neutral
909,59,7,08-09-2023,4,"I love this product, will buy again!",Positive
910,92,5,14-06-2023,4,The quality is top-notch.,Positive
911,93,6,27-06-2024,1,Product did  not meet my expectations.,Negative
912,100,2,27-10-2025,2,Disappointed with the performance.,Negative
913,64,5,06-09-2024,4,Customer support was very helpful.,Positive
914,81,19,04-03-2023,5,"Great  purchase, very satisfied.",Positive
915,55,5,21-12-2024,1,I had a bad experience with this product.,Negative
916,40,5,05-10-2024,2,Not worth the money.,Negative
917,44,20,17-05-2025,4,The quality is top-notch.,Positive
918,50,4,09-09-2024,3,"The product  is okay, but the instructions were unclear.",Neutral
919,37,18,14-02-2025,1,"Terrible customer service, would not buy again.",Negative
920,28,1,13-04-2025,4,Customer support was very helpful.,Positive
921,93,11,26-06-2023,5,"Great purchase, very satisfied.",Positive
922,92,4,22-07-2025,4,"Good quality, but could be cheaper.",Positive
923,3,20,07-02-2024,5,"Excellent product, highly  recommend!",Positive
924,62,19,20-12-2024,3,Customer support  was very helpful.,Neutral
925,2,20,10-02-2025,1,"Terrible customer service, would  not buy again.",Negative
926,86,12,17-06-2023,4,Five stars for the quick delivery.,Positive
927,21,4,08-08-2024,4,"Good quality, but could be cheaper.",Positive
928,10,9,25-05-2024,4,Customer support was very helpful.,Positive
929,47,5,09-10-2024,5,Amazing value for the price.,Positive
930,83,19,05-08-2024,4,Five stars for the quick delivery.,Positive
931,73,8,27-09-2023,5,"Excellent product, highly recommend!",Positive
932,11,20,26-08-2023,5,The build quality is impressive.,Positive
933,83,12,11-01-2023,3,Not worth the money.,Neutral
934,44,3,26-04-2023,5,"I love this  product, will buy again!",Positive
935,71,12,28-08-2025,5,"I love this product, will buy again!",Positive
936,99,15,23-09-2023,4,"Good quality, but could be cheaper.",Positive
937,96,9,08-06-2023,4,"Great purchase,  very satisfied.",Positive
938,29,12,08-07-2024,5,Shipping was fast and the item was well-packaged.,Positive
939,42,6,09-08-2024,5,Customer support was very helpful.,Positive
940,15,12,12-09-2025,4,"Great  purchase, very satisfied.",Positive
941,13,9,21-05-2023,4,Five stars for the quick delivery.,Positive
942,69,2,19-02-2023,5,"Excellent product, highly recommend!",Positive
943,70,19,15-04-2023,5,"Great purchase, very satisfied.",Positive
944,72,2,11-08-2024,4,The quality is top-notch.,Positive
945,46,5,05-12-2025,4,Shipping was fast and the item was well-packaged.,Positive
946,96,7,28-08-2023,2,Disappointed with the performance.,Negative
947,86,18,02-11-2025,2,"Average experience, nothing special.",Negative
948,29,10,22-01-2025,5,Shipping was fast  and the item was well-packaged.,Positive
949,55,15,25-08-2025,1,Product did  not meet my expectations.,Negative
950,96,9,09-02-2024,5,Customer support was very helpful.,Positive
951,80,15,11-07-2024,2,Not worth the money.,Negative
952,46,15,14-01-2025,5,Customer support was very helpful.,Positive
953,29,3,22-11-2025,4,Five stars for the quick delivery.,Positive
954,26,8,13-03-2025,5,Shipping  was fast and the item was well-packaged.,Positive
955,53,12,15-03-2023,4,"Great purchase, very satisfied.",Positive
956,33,2,26-10-2024,2,"Average experience, nothing special.",Negative
957,37,15,26-02-2024,4,"I love this product, will buy  again!",Positive
958,45,1,17-08-2023,1,Not worth the money.,Negative
959,85,9,01-01-2025,5,Amazing value for the price.,Positive
960,81,2,23-03-2024,4,Customer support was very helpful.,Positive
961,74,20,10-07-2024,5,"I love this  product, will buy again!",Positive
962,95,18,16-10-2024,4,"Good quality, but could be  cheaper.",Positive
963,36,6,17-11-2023,2,Product did not meet my expectations.,Negative
964,60,18,11-06-2024,4,"Great purchase,  very satisfied.",Positive
965,25,7,15-12-2024,5,"Excellent product, highly recommend!",Positive
966,21,6,30-09-2025,4,"Good quality, but could be cheaper.",Positive
967,94,12,22-04-2024,5,The build  quality is impressive.,Positive
968,46,14,07-08-2024,5,The quality is top-notch.,Positive
969,48,4,09-04-2023,3,"The product is okay, but the instructions were unclear.",Neutral
970,43,2,26-05-2024,3,Not worth the money.,Neutral
971,5,5,17-12-2024,4,The quality is top-notch.,Positive
972,18,19,01-08-2024,5,Exceeded  my expectations!,Positive
973,4,4,23-01-2024,4,"I love this product, will buy again!",Positive
974,13,6,01-03-2024,4,The quality is top-notch.,Positive
975,84,15,12-06-2023,3,Not worth the money.,Neutral
976,80,7,30-03-2023,4,Shipping was fast and the item  was well-packaged.,Positive
977,44,10,28-06-2023,3,"Good quality, but could  be cheaper.",Neutral
978,46,13,18-07-2025,5,Customer support was very helpful.,Positive
979,14,4,16-03-2024,4,"Good quality, but could be cheaper.",Positive
980,92,14,14-07-2023,2,"Average experience, nothing special.",Negative
981,48,10,13-05-2023,3,"The product is  okay, but the instructions were unclear.",Neutral
982,63,7,28-11-2023,4,"Great purchase, very satisfied.",Positive
983,31,19,28-05-2024,5,Customer support was very helpful.,Positive
984,88,11,23-08-2023,3,"The product is okay, but the  instructions were unclear.",Neutral
985,78,11,23-10-2025,2,Not worth the money.,Negative
986,20,7,30-11-2025,5,The build quality is impressive.,Positive
987,37,16,15-09-2024,4,"I love this product, will buy again!",Positive
988,14,14,06-04-2025,4,"I love this product, will buy again!",Positive
989,93,19,11-06-2023,4,"Great  purchase, very satisfied.",Positive
990,7,4,05-05-2023,4,Customer support was very helpful.,Positive
991,97,18,10-03-2025,4,Customer support was very helpful.,Positive
992,77,2,16-08-2023,3,Not worth the money.,Neutral
993,27,12,10-01-2025,2,"Good quality, but could be cheaper.",Negative
994,62,5,27-11-2025,5,Customer support was very helpful.,Positive
995,17,8,29-07-2025,3,"The product is okay, but the instructions were unclear.",Neutral
996,85,10,05-01-2025,5,Exceeded my expectations!,Positive
997,82,1,03-10-2023,4,"I love this product, will buy again!",Positive
998,34,11,18-05-2025,4,Five stars for the quick delivery.,Positive
999,37,8,28-05-2023,4,"I love this product, will buy again!",Positive
1000,86,12,17-11-2025,4,"Good quality, but could be cheaper.",Positive
1001,72,13,06-12-2023,3,"The product is okay, but the instructions were unclear.",Neutral
1002,25,15,15-05-2025,4,Five stars for the quick delivery.,Positive
1003,14,16,31-03-2025,5,Five stars for the quick delivery.,Positive
1004,53,10,14-01-2024,4,Customer support was very helpful.,Positive
1005,82,17,23-10-2024,4,"Good quality, but could be cheaper.",Positive
1006,87,2,14-06-2023,5,Exceeded my expectations!,Positive
1007,49,9,15-02-2024,5,Amazing value  for the price.,Positive
1008,60,13,05-09-2025,3,"Average experience, nothing special.",Neutral
1009,31,3,21-11-2025,2,"The product is okay, but the instructions were  unclear.",Negative
1010,3,3,17-05-2025,3,"Good quality, but could be cheaper.",Neutral
1011,80,19,11-10-2023,5,Shipping was fast and the item was well-packaged.,Positive
1012,26,3,25-02-2025,2,Not  worth the money.,Negative
1013,32,8,12-07-2025,4,"I love this product, will buy again!",Positive
1014,81,20,16-04-2023,4,Five stars for the quick delivery.,Positive
1015,25,2,05-03-2023,2,Not worth the money.,Negative
1016,30,16,27-08-2025,2,Product did not meet my expectations.,Negative
1017,84,13,26-05-2025,5,"Great purchase, very satisfied.",Positive
1018,44,20,29-07-2024,2,Not worth  the money.,Negative
1019,25,12,12-07-2023,4,Five stars for the quick delivery.,Positive
1020,100,5,02-09-2025,3,"Average experience, nothing special.",Neutral
1021,49,20,16-03-2024,4,"Great purchase, very satisfied.",Positive
1022,71,5,23-01-2025,3,Not  worth the money.,Neutral
1023,77,18,19-10-2023,4,Shipping was fast and the item was well-packaged.,Positive
1024,85,19,05-11-2025,3,Shipping was fast and the item was well-packaged.,Neutral
1025,31,16,17-02-2025,3,"Good quality, but could  be cheaper.",Neutral
1026,90,12,10-11-2023,3,"Good quality, but could be cheaper.",Neutral
1027,22,14,20-07-2025,3,Not  worth the money.,Neutral
1028,66,3,17-04-2023,3,"Good quality, but could be cheaper.",Neutral
1029,66,6,14-11-2025,3,"The product is okay, but the instructions were unclear.",Neutral
1030,46,16,02-10-2024,5,"I love this product, will buy again!",Positive
1031,28,1,22-05-2024,3,"Average experience, nothing special.",Neutral
1032,46,17,03-06-2025,4,"Great purchase, very satisfied.",Positive
1033,74,11,16-02-2023,4,Shipping was fast and the item was well-packaged.,Positive
1034,34,19,04-02-2024,1,Not worth the money.,Negative
1035,77,9,25-11-2023,5,Exceeded my expectations!,Positive
1036,24,7,16-08-2025,2,Disappointed with the performance.,Negative
1037,66,16,20-05-2024,4,"Great purchase, very satisfied.",Positive
1038,22,13,28-05-2024,3,Not worth  the money.,Neutral
1039,15,1,25-11-2024,3,Five stars for the quick delivery.,Neutral
1040,100,19,02-03-2024,5,The build quality is  impressive.,Positive
1041,19,18,14-04-2024,4,"Great  purchase, very satisfied.",Positive
1042,68,1,06-10-2023,3,Not worth the money.,Neutral
1043,29,12,06-01-2025,4,Five stars for the quick delivery.,Positive
1044,79,1,22-03-2024,4,"I love this product, will buy again!",Positive
1045,33,19,14-12-2024,3,"The product is  okay, but the instructions were unclear.",Neutral
1046,45,8,17-05-2025,1,The product arrived late.,Negative
1047,6,5,09-10-2025,5,"Great purchase, very satisfied.",Positive
1048,25,17,18-11-2025,3,Customer support was very helpful.,Neutral
1049,50,2,26-05-2023,5,Five stars for  the quick delivery.,Positive
1050,83,8,14-06-2024,5,"Excellent product, highly  recommend!",Positive
1051,63,5,16-03-2024,2,The product arrived late.,Negative
1052,55,5,14-08-2023,4,The quality is top-notch.,Positive
1053,6,16,29-02-2024,5,Five stars for the quick delivery.,Positive
1054,82,17,27-03-2024,3,"The product is okay, but the instructions were unclear.",Neutral
1055,17,7,18-10-2024,3,"Average experience,  nothing special.",Neutral
1056,68,17,14-09-2023,2,Not worth the money.,Negative
1057,49,17,13-09-2024,3,Shipping was fast and the item was well-packaged.,Neutral
1058,32,16,16-11-2024,3,"Great purchase, very satisfied.",Neutral
1059,67,2,23-12-2023,2,Not worth the money.,Negative
1060,15,10,05-05-2023,3,"Good quality, but could be  cheaper.",Neutral
1061,64,7,17-12-2023,4,"Great purchase, very satisfied.",Positive
1062,93,13,21-11-2023,5,"Great purchase,  very satisfied.",Positive
1063,5,6,21-09-2025,4,"Good quality,  but could be cheaper.",Positive
1064,32,16,02-09-2024,3,"The  product is okay, but the instructions were unclear.",Neutral
1065,33,9,21-03-2023,5,Exceeded my expectations!,Positive
1066,81,6,29-08-2025,4,The quality is  top-notch.,Positive
1067,50,7,09-05-2024,5,Amazing value for the price.,Positive
1068,61,15,16-08-2025,2,"The product is okay, but the instructions were unclear.",Negative
1069,84,9,05-03-2025,4,Shipping was fast and the item was well-packaged.,Positive
1070,23,20,16-08-2025,3,Not worth the money.,Neutral
1071,23,7,16-09-2024,4,"Great purchase, very satisfied.",Positive
1072,51,2,15-02-2023,3,Not worth the money.,Neutral
1073,30,10,22-09-2023,4,"Good quality, but could be cheaper.",Positive
1074,21,13,07-04-2023,4,"Good quality, but could be cheaper.",Positive
1075,52,9,25-07-2025,5,Shipping was fast and the item was well-packaged.,Positive
1076,22,9,29-10-2024,5,The quality is top-notch.,Positive
1077,95,14,18-04-2025,5,Amazing value for the price.,Positive
1078,8,2,15-12-2023,4,Customer support was very helpful.,Positive
1079,73,16,19-06-2025,3,"Good quality, but could be cheaper.",Neutral
1080,86,16,27-05-2025,4,Shipping was fast and the item  was well-packaged.,Positive
1081,91,5,31-07-2023,5,"I love this product, will buy again!",Positive
1082,87,13,09-02-2025,5,Five stars for the quick delivery.,Positive
1083,40,6,02-04-2024,4,The quality is top-notch.,Positive
1084,99,12,29-10-2023,3,"Good quality, but could be cheaper.",Neutral
1085,46,6,02-07-2025,4,Customer support was very helpful.,Positive
1086,47,11,07-04-2024,5,The build quality is impressive.,Positive
1087,35,10,27-07-2023,3,"The product is okay, but the instructions were unclear.",Neutral
1088,55,13,05-05-2025,4,"I love this product, will buy again!",Positive
1089,54,12,12-04-2024,3,"The product is okay, but the instructions were unclear.",Neutral
1090,3,14,09-01-2023,4,Shipping was fast and the item was well-packaged.,Positive
1091,72,2,28-01-2024,2,The product  arrived late.,Negative
1092,82,5,16-02-2023,4,Five stars  for the quick delivery.,Positive
1093,25,8,24-10-2025,3,"Average experience, nothing special.",Neutral
1094,48,11,04-07-2023,2,Not worth the money.,Negative
1095,31,15,23-09-2024,4,The quality is  top-notch.,Positive
1096,82,13,17-11-2023,4,Five stars for the quick delivery.,Positive
1097,47,12,15-10-2023,2,"Average experience, nothing special.",Negative
1098,62,15,02-04-2023,5,Shipping was fast and the item was well-packaged.,Positive
1099,90,12,17-03-2024,5,"Excellent product, highly recommend!",Positive
1100,88,14,13-08-2025,4,Five stars for the quick delivery.,Positive
1101,58,13,09-01-2025,5,Shipping was fast and the item was well-packaged.,Positive
1102,35,12,01-02-2024,4,The quality is top-notch.,Positive
1103,39,5,12-05-2023,5,The build quality is impressive.,Positive
1104,39,6,06-08-2023,3,Not worth the money.,Neutral
1105,20,16,19-03-2023,3,"Good  quality, but could be cheaper.",Neutral
1106,37,5,29-01-2025,5,Five stars for the quick delivery.,Positive
1107,51,14,27-03-2024,4,Five stars for the quick delivery.,Positive
1108,50,3,03-05-2023,1,The product stopped working after a month.,Negative
1109,22,18,09-06-2023,5,"Excellent product,  highly recommend!",Positive
1110,38,8,26-04-2024,3,Not worth the money.,Neutral
1111,91,16,25-01-2024,3,"Good quality,  but could be cheaper.",Neutral
1112,40,1,07-06-2023,5,"Excellent product, highly recommend!",Positive
1113,28,3,23-11-2024,3,"The product is okay, but the instructions were unclear.",Neutral
1114,56,15,14-06-2025,4,Shipping was fast and the item was well-packaged.,Positive
1115,82,4,12-10-2023,3,"Good quality, but could be  cheaper.",Neutral
1116,52,5,22-05-2025,4,Five stars for the quick delivery.,Positive
1117,74,11,12-09-2023,4,The quality is top-notch.,Positive
1118,50,16,15-05-2023,4,Five stars for the quick delivery.,Positive
1119,99,4,19-01-2024,2,Product did not meet my expectations.,Negative
1120,4,17,30-09-2024,2,"Average experience, nothing special.",Negative
1121,23,20,25-06-2023,4,Customer support was very helpful.,Positive
1122,78,19,03-12-2023,5,The quality is top-notch.,Positive
1123,68,20,02-06-2024,3,"The product is  okay, but the instructions were unclear.",Neutral
1124,6,9,22-10-2025,5,"I love this product, will buy again!",Positive
1125,100,12,20-07-2025,2,"Good quality, but could be cheaper.",Negative
1126,10,19,19-03-2025,2,Not worth the money.,Negative
1127,82,15,06-01-2024,4,Customer support was very helpful.,Positive
1128,77,6,11-02-2023,5,Shipping was fast and the item was well-packaged.,Positive
1129,80,10,06-11-2024,5,The build quality is impressive.,Positive
1130,88,13,30-12-2025,4,The quality is top-notch.,Positive
1131,97,2,02-06-2025,5,The build  quality is impressive.,Positive
1132,68,9,22-12-2023,3,"Average experience, nothing special.",Neutral
1133,46,19,12-09-2023,4,"I love this product, will buy again!",Positive
1134,29,8,16-06-2024,5,The  build quality is impressive.,Positive
1135,77,12,26-10-2024,1,Product did not meet my expectations.,Negative
1136,62,8,02-03-2025,5,Customer support was very helpful.,Positive
1137,73,5,19-01-2025,3,Five stars for the quick delivery.,Neutral
1138,81,4,23-12-2024,3,The quality is top-notch.,Neutral
1139,18,5,28-02-2024,3,"Average experience, nothing special.",Neutral
1140,28,12,07-03-2023,2,Disappointed with the performance.,Negative
1141,24,17,01-04-2023,5,Customer  support was very helpful.,Positive
1142,4,2,24-04-2024,4,Shipping was fast and the item was well-packaged.,Positive
1143,75,18,09-08-2025,4,The quality is top-notch.,Positive
1144,24,8,29-01-2024,5,The build quality  is impressive.,Positive
1145,61,8,25-02-2024,5,"Excellent product, highly recommend!",Positive
1146,88,15,10-02-2024,4,Shipping was fast and the item was well-packaged.,Positive
1147,79,5,09-05-2025,5,"Excellent product, highly recommend!",Positive
1148,94,2,11-10-2024,4,"Good quality, but  could be cheaper.",Positive
1149,67,13,24-12-2023,3,Not worth the money.,Neutral
1150,90,3,19-02-2024,5,Five stars for the quick delivery.,Positive
1151,46,15,19-01-2025,5,Customer support was very helpful.,Positive
1152,23,14,05-11-2025,3,Customer  support was very helpful.,Neutral
1153,53,10,17-06-2023,5,"Excellent product, highly recommend!",Positive
1154,9,19,09-07-2023,2,Disappointed with the performance.,Negative
1155,1,12,09-01-2025,5,Exceeded my expectations!,Positive
1156,79,18,16-06-2024,3,"Good quality, but could be cheaper.",Neutral
1157,13,12,16-07-2025,1,The product stopped working after a month.,Negative
1158,99,20,29-07-2024,4,The quality is top-notch.,Positive
1159,59,9,29-01-2025,5,The quality is top-notch.,Positive
1160,97,7,26-12-2025,5,Five stars for the quick delivery.,Positive
1161,10,19,01-01-2023,5,Shipping was fast and the  item was well-packaged.,Positive
1162,55,10,08-06-2024,2,The product arrived late.,Negative
1163,15,11,04-10-2023,3,"Good quality, but could be cheaper.",Neutral
1164,69,3,04-01-2023,3,"Good quality, but could be cheaper.",Neutral
1165,20,12,06-02-2024,5,The quality is top-notch.,Positive
1166,63,15,10-11-2024,5,The build quality  is impressive.,Positive
1167,50,19,21-08-2024,5,The quality is top-notch.,Positive
1168,93,16,21-09-2025,5,Exceeded my expectations!,Positive
1169,97,19,24-06-2025,4,"Great purchase, very satisfied.",Positive
1170,78,4,19-12-2023,4,Customer support was very helpful.,Positive
1171,49,4,12-01-2024,2,"Average experience, nothing special.",Negative
1172,33,15,03-04-2025,5,The  build quality is impressive.,Positive
1173,76,3,09-08-2025,4,"Great purchase, very satisfied.",Positive
1174,69,3,24-08-2025,4,Shipping was fast and the item was well-packaged.,Positive
1175,78,6,04-07-2025,5,"Excellent product, highly recommend!",Positive
1176,74,15,27-05-2025,5,"Excellent product, highly recommend!",Positive
1177,45,10,28-12-2023,3,"Average experience, nothing special.",Neutral
1178,43,6,08-09-2024,1,I had a bad experience with this product.,Negative
1179,84,7,31-07-2025,3,Not worth the money.,Neutral
1180,64,18,19-06-2025,5,Five stars for the quick delivery.,Positive
1181,28,8,25-02-2025,3,"Good quality, but could be cheaper.",Neutral
1182,70,15,21-08-2023,4,"I love this product, will buy again!",Positive
1183,91,4,06-02-2023,3,"Average experience, nothing special.",Neutral
1184,5,18,25-12-2023,5,Exceeded my expectations!,Positive
1185,5,12,01-10-2025,5,Shipping was fast and the item was well-packaged.,Positive
1186,80,11,15-10-2025,4,"I love this product, will buy again!",Positive
1187,66,9,11-06-2023,4,"Great purchase, very satisfied.",Positive
1188,17,2,05-04-2023,5,"Great purchase,  very satisfied.",Positive
1189,32,20,28-12-2023,3,Not worth the money.,Neutral
1190,16,4,19-08-2024,1,The  product arrived late.,Negative
1191,60,19,27-08-2023,5,"Excellent product, highly recommend!",Positive
1192,80,19,21-05-2024,3,"Average experience, nothing special.",Neutral
1193,7,2,13-06-2025,5,"Excellent product, highly recommend!",Positive
1194,11,13,01-03-2023,3,Not worth the money.,Neutral
1195,89,2,19-11-2023,5,Exceeded  my expectations!,Positive
1196,57,16,07-06-2024,5,"Excellent product, highly recommend!",Positive
1197,70,15,30-10-2024,1,The product arrived late.,Negative
1198,92,1,25-06-2024,4,Customer support was very helpful.,Positive
1199,71,7,16-09-2024,4,The quality is top-notch.,Positive
1200,89,17,04-04-2024,4,Shipping was fast and the item was well-packaged.,Positive
1201,14,11,04-08-2023,4,"Great purchase, very satisfied.",Positive
1202,28,17,28-04-2023,3,Not worth the  money.,Neutral
1203,2,19,20-07-2025,4,"Great purchase, very satisfied.",Positive
1204,19,18,06-11-2024,4,The quality is top-notch.,Positive
1205,73,17,04-12-2025,5,The quality  is top-notch.,Positive
1206,50,12,06-07-2023,4,The quality is top-notch.,Positive
1207,90,18,27-06-2025,5,The build quality is impressive.,Positive
1208,16,15,11-07-2024,5,"Great purchase, very satisfied.",Positive
1209,53,10,03-04-2024,5,Five stars for  the quick delivery.,Positive
1210,67,8,24-10-2024,4,"Good quality, but could be cheaper.",Positive
1211,30,18,04-10-2023,5,Customer support  was very helpful.,Positive
1212,82,19,11-10-2024,2,Not worth the money.,Negative
1213,14,9,23-12-2023,5,Customer support was very helpful.,Positive
1214,100,10,27-08-2025,4,"Great purchase, very satisfied.",Positive
1215,68,7,28-03-2025,2,Product did not meet my expectations.,Negative
1216,53,11,14-04-2023,5,Amazing value for the price.,Positive
1217,81,18,14-01-2024,5,Customer support was very helpful.,Positive
1218,8,9,09-11-2025,5,Shipping was  fast and the item was well-packaged.,Positive
1219,49,7,28-05-2025,5,"Great purchase, very satisfied.",Positive
1220,25,8,26-01-2023,2,The product arrived late.,Negative
1221,42,17,31-08-2023,4,"Good quality, but could  be cheaper.",Positive
1222,57,6,23-05-2025,3,"I love this product, will buy  again!",Neutral
1223,18,16,12-11-2025,3,"Great purchase, very satisfied.",Neutral
1224,82,14,30-11-2025,5,"Great purchase, very satisfied.",Positive
1225,93,8,08-08-2024,2,The product arrived late.,Negative
1226,75,5,17-08-2024,5,"I love this product,  will buy again!",Positive
1227,30,14,20-01-2025,5,"Great purchase, very  satisfied.",Positive
1228,57,1,30-11-2023,4,"I love this product, will buy again!",Positive
1229,31,17,01-06-2025,4,"I love this product, will buy again!",Positive
1230,55,18,27-04-2025,5,Exceeded my expectations!,Positive
1231,81,7,02-09-2024,2,Product did not meet my expectations.,Negative
1232,7,17,18-09-2024,5,Shipping was fast and the item was well-packaged.,Positive
1233,73,5,13-03-2024,3,"The product is  okay, but the instructions were unclear.",Neutral
1234,37,8,21-02-2024,3,"Good quality, but could be cheaper.",Neutral
1235,87,1,24-05-2023,5,Five stars for the quick delivery.,Positive
1236,60,3,07-02-2023,4,Five stars for the quick delivery.,Positive
1237,94,17,20-10-2024,1,"Not satisfied, the product broke after a week.",Negative
1238,15,9,13-06-2025,4,Customer  support was very helpful.,Positive
1239,49,15,07-02-2024,5,"Excellent product, highly recommend!",Positive
1240,66,5,28-02-2025,3,"Good quality, but could be cheaper.",Neutral
1241,62,17,11-03-2024,3,"Good quality, but could be cheaper.",Neutral
1242,22,19,08-02-2025,4,"Great purchase, very satisfied.",Positive
1243,92,10,08-11-2023,5,"Great  purchase, very satisfied.",Positive
1244,8,7,20-01-2024,5,"I love this product, will  buy again!",Positive
1245,60,5,19-12-2025,3,Not worth the money.,Neutral
1246,53,1,04-08-2024,4,The quality is top-notch.,Positive
1247,79,6,08-08-2024,2,"Average experience, nothing special.",Negative
1248,72,2,19-12-2025,4,Shipping was fast and the item was  well-packaged.,Positive
1249,72,5,23-01-2025,3,"Average  experience, nothing special.",Neutral
1250,11,10,23-10-2025,1,Not worth the money.,Negative
1251,20,2,10-06-2024,3,"Good quality, but could be cheaper.",Neutral
1252,87,8,10-12-2024,5,Exceeded  my expectations!,Positive
1253,68,3,30-06-2024,3,Not worth  the money.,Neutral
1254,45,4,16-02-2024,5,The quality is top-notch.,Positive
1255,42,8,15-12-2025,5,Five stars for the quick delivery.,Positive
1256,80,4,12-08-2025,2,Disappointed with the performance.,Negative
1257,93,10,05-02-2023,4,Customer support was very helpful.,Positive
1258,80,1,13-11-2023,5,Amazing value for the price.,Positive
1259,66,15,13-06-2023,3,"Average experience, nothing special.",Neutral
1260,47,6,02-09-2025,5,Exceeded my expectations!,Positive
1261,12,18,08-08-2023,4,Five stars for the quick delivery.,Positive
1262,46,17,26-08-2024,2,Disappointed with  the performance.,Negative
1263,48,9,20-09-2023,3,"Average  experience, nothing special.",Neutral
1264,72,7,07-05-2023,5,"Great purchase, very satisfied.",Positive
1265,81,20,29-04-2023,4,Customer support  was very helpful.,Positive
1266,65,14,01-07-2025,4,Shipping was fast and the item was well-packaged.,Positive
1267,85,4,11-07-2024,5,The quality is top-notch.,Positive
1268,60,6,06-10-2023,3,Not worth  the money.,Neutral
1269,39,13,09-02-2024,4,The quality is  top-notch.,Positive
1270,72,16,11-07-2025,4,"I love this product, will buy again!",Positive
1271,64,10,28-04-2024,4,The quality  is top-notch.,Positive
1272,82,14,24-12-2025,4,Exceeded my expectations!,Positive
1273,74,10,19-02-2024,4,Five stars for the quick delivery.,Positive
1274,24,1,14-08-2025,1,Not worth the money.,Negative
1275,52,2,06-06-2023,5,Customer support was very helpful.,Positive
1276,52,10,05-11-2024,2,"Good quality, but  could be cheaper.",Negative
1277,20,11,28-09-2023,4,"I love this product, will buy again!",Positive
1278,25,17,22-06-2023,5,The quality is top-notch.,Positive
1279,54,8,13-09-2025,3,"Good quality, but could be cheaper.",Neutral
1280,88,19,18-01-2023,3,Not worth the money.,Neutral
1281,58,12,24-09-2023,5,The quality is top-notch.,Positive
1282,7,19,24-04-2023,2,The product arrived late.,Negative
1283,67,2,24-09-2024,3,"The  product is okay, but the instructions were unclear.",Neutral
1284,2,12,04-10-2025,1,Not worth the money.,Negative
1285,81,12,15-07-2024,4,"Good quality, but could be  cheaper.",Positive
1286,89,19,12-03-2025,5,"Excellent product, highly recommend!",Positive
1287,69,17,04-10-2024,2,Product did not meet my expectations.,Negative
1288,77,8,09-06-2025,5,"I love this product, will buy again!",Positive
1289,52,7,30-09-2023,3,"Good quality, but could be cheaper.",Neutral
1290,30,6,01-04-2024,3,"The product is okay, but the instructions were unclear.",Neutral
1291,90,2,20-05-2024,4,Shipping was fast and the item  was well-packaged.,Positive
1292,16,5,15-03-2024,5,The quality is top-notch.,Positive
1293,23,2,07-11-2024,5,Exceeded my expectations!,Positive
1294,86,11,11-06-2023,4,Shipping was fast and the item was well-packaged.,Positive
1295,61,8,16-09-2025,5,The build quality is impressive.,Positive
1296,60,9,26-10-2025,4,"Good quality,  but could be cheaper.",Positive
1297,87,5,14-08-2024,3,"Average experience, nothing special.",Neutral
1298,82,1,13-08-2024,4,"Excellent product, highly recommend!",Positive
1299,44,18,02-07-2025,4,"I love this product, will buy again!",Positive
1300,6,11,14-04-2024,4,Customer support was very helpful.,Positive
1301,79,13,28-05-2025,4,"Great purchase, very satisfied.",Positive
1302,20,11,29-11-2023,3,"Good quality, but could be cheaper.",Neutral
1303,99,3,22-03-2024,4,Customer support was very helpful.,Positive
1304,77,15,09-05-2024,3,"Average experience, nothing special.",Neutral
1305,24,4,26-01-2025,1,The  product arrived late.,Negative
1306,89,1,03-09-2023,4,Customer support was very helpful.,Positive
1307,36,13,16-05-2024,3,"Average  experience, nothing special.",Neutral
1308,46,5,03-02-2025,4,"Great purchase,  very satisfied.",Positive
1309,53,8,12-10-2024,4,"I love this product,  will buy again!",Positive
1310,96,17,19-11-2025,3,"Good  quality, but could be cheaper.",Neutral
1311,71,13,29-01-2023,5,"Great purchase, very satisfied.",Positive
1312,11,18,16-05-2023,4,"Good quality, but could be cheaper.",Positive
1313,2,2,30-06-2025,5,The build quality  is impressive.,Positive
1314,63,2,17-03-2025,5,Amazing value for the price.,Positive
1315,85,14,28-05-2023,4,"I  love this product, will buy again!",Positive
1316,40,20,24-05-2025,2,"The product is okay, but the instructions were unclear.",Negative
1317,24,8,08-11-2025,1,The product arrived late.,Negative
1318,28,1,13-02-2024,3,"Average experience, nothing special.",Neutral
1319,84,6,20-07-2024,1,Product did not meet my  expectations.,Negative
1320,74,10,26-11-2024,1,I had a bad experience with this product.,Negative
1321,32,3,25-02-2025,2,The product arrived late.,Negative
1322,70,16,15-04-2024,1,Product did not meet my expectations.,Negative
1323,61,17,27-10-2025,1,Product did  not meet my expectations.,Negative
1324,36,10,27-12-2025,4,Customer support was very helpful.,Positive
1325,66,12,07-08-2024,3,"I love this product, will buy again!",Neutral
1326,69,4,09-06-2024,5,"Great purchase, very satisfied.",Positive
1327,37,9,20-05-2025,2,"Average experience, nothing special.",Negative
1328,97,11,23-12-2025,4,Customer support was very helpful.,Positive
1329,45,19,03-01-2024,2,Not worth the money.,Negative
1330,24,12,31-05-2025,2,Not worth the money.,Negative
1331,88,5,02-06-2025,4,The quality is top-notch.,Positive
1332,72,4,15-06-2024,5,Amazing value for the  price.,Positive
1333,6,3,06-12-2023,3,"The product is okay, but the instructions were unclear.",Neutral
1334,39,11,03-04-2025,4,"I love this product, will buy again!",Positive
1335,43,15,06-03-2025,4,The quality is top-notch.,Positive
1336,95,9,27-11-2023,1,"Not satisfied, the  product broke after a week.",Negative
1337,89,4,09-10-2023,3,"Average experience, nothing special.",Neutral
1338,44,13,01-02-2025,2,Disappointed with the performance.,Negative
1339,76,19,01-11-2024,5,The quality is top-notch.,Positive
1340,62,7,10-07-2025,3,Not worth  the money.,Neutral
1341,64,7,21-06-2023,2,"Average experience, nothing  special.",Negative
1342,91,1,03-06-2025,5,Customer support was very helpful.,Positive
1343,39,4,10-04-2025,5,The build quality is impressive.,Positive
1344,31,20,16-05-2025,5,The quality is top-notch.,Positive
1345,55,18,14-10-2023,5,"Excellent product, highly recommend!",Positive
1346,47,6,14-10-2024,2,The product arrived late.,Negative
1347,21,11,16-07-2025,4,Shipping was fast and the item was well-packaged.,Positive
1348,45,19,14-02-2024,5,"I love this product, will buy again!",Positive
1349,22,10,11-04-2025,4,Five stars for the quick delivery.,Positive
1350,69,9,01-02-2024,3,"The product is okay, but the instructions were unclear.",Neutral
1351,30,20,23-07-2023,1,"Not satisfied, the product broke  after a week.",Negative
1352,50,14,25-06-2025,5,The quality is  top-notch.,Positive
1353,34,5,30-06-2024,5,The quality is top-notch.,Positive
1354,53,8,08-05-2024,5,"Excellent  product, highly recommend!",Positive
1355,9,20,29-05-2025,5,Customer support was very helpful.,Positive
1356,14,15,18-04-2025,4,The quality is top-notch.,Positive
1357,23,17,03-01-2024,1,"Terrible  customer service, would not buy again.",Negative
1358,90,10,16-01-2024,3,Not worth  the money.,Neutral
1359,28,4,25-05-2023,3,Not worth the money.,Neutral
1360,58,12,13-11-2023,2,"Average  experience, nothing special.",Negative
1361,96,15,07-03-2023,5,Customer support was very helpful.,Positive
1362,99,2,03-12-2025,1,Product did not meet my expectations.,Negative
1363,16,4,16-07-2024,2,The product arrived late.,Negative
